Código Tabela	Código Periodicidade
1	Ano
2	Mês
3	Mês
4	Mês
5	Mês
6	Mês
7	Mês
8	Mês
9	Mês
10	Mês
11	Mês
12	Mês
13	Mês
14	Mês
15	Mês
16	Mês
17	Ano
18	Ano
19	Mês
20	Mês
21	Ano
22	Mês
23	Mês
24	Mês
25	Mês
26	Ano
27	Mês
28	Mês
29	Mês
30	Mês
32	Mês
33	Mês
34	Mês
35	Mês
36	Ano
37	Ano
38	Ano
39	Ano
40	Ano
41	Mês
42	Mês
43	Mês
44	Mês
45	Mês
46	Mês
47	Mês
48	Mês
49	Mês
50	Mês
51	Mês
52	Mês
53	Mês
54	Mês
55	Mês
56	Mês
57	Mês
58	Mês
59	Mês
60	Mês
61	Mês
62	Mês
63	Mês
64	Mês
65	Mês
66	Mês
67	Mês
68	Mês
69	Mês
70	Mês
71	Mês
72	Mês
73	Ano
74	Ano
75	Mês
76	Mês
77	Mês
78	Mês
79	Mês
80	Mês
81	Mês
82	Mês
83	Ano
84	Mês
85	Mês
86	Mês
87	Ano
89	Mês
90	Mês
91	Mês
92	Mês
93	Mês
94	Ano
95	Ano
96	Ano
97	Ano
98	Ano
100	Mês
101	Mês
102	Ano
103	Ano
104	Mês
105	Ano
107	Ano
108	Ano
109	Mês
117	Mês
118	Mês
135	Ano
136	Ano
137	Ano
138	Ano
139	Ano
140	Ano
141	Ano
142	Ano
143	Ano
144	Ano
145	Ano
146	Ano
148	Ano
149	Ano
150	Ano
151	Mês
152	Mês
153	Mês
155	Ano
156	Ano
157	Ano
158	Ano
159	Ano
160	Ano
162	Ano
163	Ano
164	Ano
165	Ano
166	Ano
167	Ano
168	Ano
169	Ano
170	Ano
171	Ano
172	Ano
173	Ano
174	Ano
175	Ano
176	Ano
177	Ano
178	Ano
179	Ano
180	Ano
181	Ano
182	Ano
183	Ano
184	Ano
185	Ano
186	Ano
187	Ano
188	Mês
190	Ano
191	Ano
192	Ano
194	Ano
196	Ano
197	Ano
198	Ano
199	Ano
200	Ano
201	Ano
202	Ano
203	Ano
204	Ano
205	Ano
206	Ano
207	Ano
208	Ano
209	Mês
211	Ano
213	Ano
214	Ano
215	Ano
216	Ano
217	Ano
218	Ano
219	Ano
220	Ano
221	Ano
222	Ano
223	Ano
224	Ano
225	Ano
226	Ano
227	Ano
228	Ano
229	Ano
230	Ano
231	Ano
232	Ano
233	Ano
234	Ano
235	Ano
236	Ano
237	Ano
238	Ano
239	Ano
240	Ano
241	Ano
242	Ano
243	Ano
244	Ano
245	Ano
246	Ano
247	Ano
248	Ano
249	Ano
250	Ano
251	Ano
252	Ano
253	Ano
254	Semestre
255	Semestre
256	Ano
257	Ano
258	Ano
259	Semestre
260	Ano
261	Ano
262	Ano
263	Ano
264	Ano
265	Ano
266	Ano
267	Ano
268	Ano
269	Ano
270	Ano
271	Ano
272	Ano
273	Ano
274	Ano
275	Ano
276	Ano
277	Ano
278	Semestre
279	Semestre
280	Ano
281	Ano
282	Ano
283	Ano
284	Ano
287	Ano
288	Ano
289	Ano
290	Ano
291	Ano
292	Ano
293	Ano
297	Ano
298	Ano
299	Ano
300	Ano
301	Ano
302	Ano
303	Ano
304	Ano
305	Ano
307	Ano
308	Ano
309	Ano
310	Ano
311	Ano
312	Ano
313	Ano
314	Ano
315	Ano
316	Ano
317	Ano
318	Ano
319	Ano
320	Ano
321	Ano
322	Ano
323	Ano
324	Ano
325	Ano
326	Ano
327	Ano
328	Ano
329	Ano
330	Ano
331	Ano
332	Ano
333	Ano
334	Ano
335	Ano
336	Ano
337	Ano
338	Ano
339	Ano
340	Ano
342	Ano
343	Ano
344	Ano
345	Ano
346	Ano
347	Ano
349	Ano
350	Ano
351	Ano
352	Ano
354	Ano
355	Ano
356	Ano
357	Ano
358	Ano
359	Ano
360	Ano
361	Ano
362	Ano
363	Ano
364	Ano
367	Ano
368	Ano
369	Ano
370	Ano
371	Ano
372	Ano
373	Ano
374	Ano
375	Ano
376	Ano
377	Ano
378	Ano
379	Ano
380	Ano
381	Ano
382	Ano
383	Ano
384	Ano
385	Ano
386	Ano
387	Ano
388	Ano
389	Ano
390	Ano
391	Ano
392	Ano
393	Ano
394	Ano
396	Ano
397	Ano
398	Ano
399	Ano
400	Ano
401	Ano
402	Ano
403	Ano
404	Ano
405	Ano
406	Ano
408	Ano
409	Ano
410	Ano
411	Ano
412	Ano
413	Ano
414	Ano
415	Ano
416	Ano
417	Ano
418	Ano
419	Ano
420	Ano
421	Ano
422	Ano
423	Ano
424	Ano
425	Ano
426	Ano
427	Ano
428	Ano
429	Ano
430	Ano
431	Ano
433	Ano
434	Ano
435	Ano
436	Ano
437	Ano
438	Ano
439	Ano
440	Ano
441	Ano
442	Ano
443	Ano
444	Ano
445	Ano
446	Ano
447	Ano
448	Ano
449	Ano
450	Ano
451	Ano
452	Ano
453	Ano
455	Ano
456	Ano
457	Ano
458	Ano
459	Ano
460	Ano
461	Ano
462	Ano
463	Ano
464	Ano
465	Ano
466	Ano
467	Ano
468	Ano
469	Ano
470	Ano
471	Ano
472	Ano
473	Ano
474	Ano
475	Ano
476	Ano
477	Ano
478	Ano
479	Ano
480	Ano
481	Ano
482	Ano
483	Ano
484	Ano
485	Ano
486	Ano
487	Ano
488	Ano
489	Ano
490	Ano
491	Ano
492	Ano
493	Ano
494	Ano
495	Ano
496	Ano
497	Ano
498	Ano
499	Ano
500	Ano
501	Ano
502	Ano
503	Ano
504	Ano
505	Ano
506	Ano
507	Ano
508	Ano
509	Ano
510	Ano
511	Ano
512	Ano
513	Ano
514	Ano
515	Ano
516	Ano
517	Ano
518	Ano
519	Ano
520	Ano
521	Ano
522	Ano
523	Ano
524	Ano
525	Ano
526	Ano
527	Ano
528	Ano
529	Ano
530	Ano
531	Ano
532	Ano
533	Ano
534	Ano
535	Ano
536	Ano
537	Ano
538	Ano
539	Ano
540	Ano
541	Ano
542	Ano
543	Ano
544	Ano
545	Ano
546	Ano
547	Ano
548	Ano
549	Ano
550	Ano
551	Ano
552	Ano
553	Ano
554	Ano
555	Ano
556	Ano
557	Ano
558	Ano
564	Ano
565	Ano
566	Ano
567	Ano
568	Ano
569	Ano
570	Ano
573	Ano
574	Ano
575	Ano
576	Ano
579	Ano
580	Ano
581	Ano
582	Ano
583	Ano
584	Ano
585	Ano
586	Ano
587	Ano
588	Ano
589	Ano
590	Ano
591	Ano
592	Ano
599	Ano
602	Ano
603	Ano
608	Ano
615	Ano
616	Ano
617	Ano
618	Ano
619	Ano
620	Ano
621	Ano
622	Ano
623	Ano
624	Ano
625	Ano
626	Ano
627	Ano
628	Ano
630	Ano
631	Ano
632	Ano
633	Mês
634	Mês
636	Mês
638	Ano
639	Ano
640	Ano
641	Ano
642	Ano
643	Mês
645	Mês
646	Mês
647	Mês
648	Mês
649	Mês
650	Mês
651	Mês
653	Mês
654	Mês
655	Mês
656	Mês
657	Mês
658	Ano
659	Mês
660	Ano
661	Mês
662	Mês
663	Mês
664	Mês
665	Mês
666	Ano
667	Ano
668	Ano
669	Mês
670	Mês
671	Mês
672	Mês
673	Mês
674	Mês
675	Ano
676	Ano
677	Ano
678	Ano
679	Mês
680	Ano
681	Ano
682	Ano
683	Ano
684	Ano
685	Ano
686	Ano
687	Ano
688	Ano
689	Ano
690	Ano
691	Ano
692	Ano
693	Ano
694	Ano
695	Ano
696	Ano
697	Ano
698	Ano
699	Ano
700	Ano
701	Ano
702	Ano
703	Ano
704	Ano
705	Ano
706	Ano
707	Ano
708	Ano
709	Ano
710	Ano
711	Ano
712	Ano
713	Ano
714	Ano
715	Ano
716	Ano
717	Ano
718	Ano
719	Ano
720	Ano
721	Ano
722	Ano
723	Ano
724	Ano
725	Ano
726	Ano
727	Ano
728	Ano
729	Ano
730	Ano
731	Ano
732	Ano
733	Ano
734	Ano
735	Ano
736	Ano
737	Ano
738	Ano
739	Ano
740	Ano
741	Ano
742	Ano
743	Ano
744	Ano
745	Ano
746	Ano
747	Ano
748	Ano
749	Ano
750	Ano
751	Ano
752	Ano
753	Ano
754	Ano
755	Ano
756	Ano
757	Ano
758	Ano
759	Ano
761	Ano
765	Ano
766	Ano
767	Ano
768	Ano
769	Ano
770	Ano
771	Ano
772	Ano
773	Ano
774	Ano
775	Ano
776	Ano
777	Ano
778	Ano
779	Ano
780	Ano
781	Ano
782	Ano
783	Ano
784	Ano
785	Ano
786	Ano
787	Ano
788	Ano
790	Ano
791	Ano
792	Ano
793	Ano
794	Ano
795	Ano
796	Ano
797	Ano
798	Ano
799	Ano
800	Ano
801	Ano
802	Ano
803	Ano
804	Ano
805	Ano
806	Ano
807	Ano
808	Ano
809	Ano
810	Ano
811	Ano
812	Ano
813	Ano
814	Ano
815	Ano
816	Ano
817	Ano
818	Ano
819	Ano
820	Ano
821	Ano
822	Ano
824	Ano
825	Ano
827	Ano
828	Ano
829	Ano
830	Ano
831	Ano
832	Ano
833	Ano
834	Ano
835	Ano
836	Ano
837	Ano
838	Ano
839	Ano
840	Ano
841	Ano
842	Ano
843	Ano
844	Ano
845	Ano
846	Ano
847	Ano
848	Ano
849	Ano
850	Ano
851	Ano
852	Ano
853	Ano
854	Ano
855	Ano
856	Ano
857	Ano
858	Ano
859	Ano
860	Ano
861	Ano
862	Ano
863	Ano
864	Ano
865	Ano
867	Ano
868	Ano
869	Ano
870	Ano
871	Ano
872	Ano
873	Ano
874	Ano
875	Ano
876	Ano
877	Ano
880	Ano
881	Ano
882	Ano
883	Ano
884	Ano
885	Ano
886	Ano
887	Ano
888	Ano
889	Ano
891	Ano
892	Ano
893	Ano
894	Ano
895	Ano
896	Ano
897	Ano
898	Ano
899	Ano
900	Ano
901	Ano
902	Ano
903	Ano
904	Ano
905	Ano
906	Ano
907	Ano
909	Ano
910	Ano
911	Semestre
912	Semestre
913	Ano
914	Ano
915	Trimestre
916	Ano
919	Ano
920	Ano
921	Ano
922	Ano
923	Ano
925	Ano
926	Ano
927	Ano
928	Ano
929	Ano
930	Ano
931	Ano
932	Ano
933	Ano
935	Ano
936	Ano
937	Ano
938	Ano
939	Ano
940	Ano
941	Ano
942	Ano
943	Ano
944	Ano
945	Ano
946	Ano
947	Ano
948	Ano
949	Ano
950	Ano
951	Ano
952	Ano
953	Ano
954	Ano
955	Ano
956	Ano
957	Ano
958	Ano
959	Ano
960	Ano
961	Ano
962	Ano
963	Ano
964	Ano
965	Ano
966	Ano
967	Ano
968	Ano
969	Ano
970	Ano
971	Ano
972	Ano
973	Ano
974	Ano
975	Ano
976	Ano
977	Ano
978	Ano
982	Ano
983	Ano
984	Ano
985	Ano
986	Ano
988	Ano
992	Ano
993	Ano
994	Ano
995	Ano
997	Ano
999	Mês
1000	Ano
1001	Ano
1002	Ano
1003	Ano
1004	Ano
1005	Ano
1006	Ano
1008	Ano
1009	Ano
1010	Ano
1011	Ano
1012	Ano
1013	Ano
1014	Ano
1015	Ano
1016	Ano
1017	Ano
1018	Ano
1019	Ano
1020	Ano
1021	Ano
1022	Ano
1023	Ano
1024	Ano
1025	Ano
1026	Ano
1027	Ano
1028	Ano
1029	Ano
1030	Ano
1031	Ano
1032	Ano
1033	Ano
1034	Ano
1035	Ano
1036	Ano
1086	Trimestre
1088	Trimestre
1089	Trimestre
1090	Trimestre
1092	Trimestre
1093	Trimestre
1094	Trimestre
1096	Ano
1097	Ano
1098	Ano
1099	Ano
1100	Mês
1101	Ano
1102	Ano
1103	Ano
1104	Ano
1105	Ano
1106	Ano
1107	Ano
1108	Ano
1109	Ano
1110	Ano
1111	Ano
1112	Ano
1113	Ano
1114	Ano
1115	Ano
1116	Ano
1117	Ano
1118	Ano
1119	Ano
1120	Ano
1121	Ano
1122	Ano
1123	Ano
1124	Ano
1125	Ano
1126	Ano
1127	Ano
1128	Ano
1129	Ano
1130	Ano
1131	Ano
1132	Ano
1133	Ano
1134	Ano
1135	Ano
1136	Ano
1137	Ano
1138	Ano
1139	Ano
1140	Ano
1141	Ano
1142	Ano
1143	Ano
1144	Ano
1145	Ano
1146	Ano
1147	Ano
1148	Ano
1149	Ano
1150	Ano
1151	Ano
1152	Ano
1153	Ano
1154	Ano
1155	Ano
1156	Ano
1157	Ano
1158	Ano
1159	Ano
1160	Ano
1161	Ano
1162	Ano
1163	Ano
1164	Ano
1165	Ano
1166	Ano
1167	Ano
1168	Ano
1169	Ano
1170	Ano
1171	Ano
1172	Ano
1173	Ano
1174	Ano
1175	Ano
1176	Ano
1177	Ano
1178	Ano
1179	Ano
1180	Ano
1181	Ano
1182	Ano
1183	Ano
1184	Ano
1185	Ano
1186	Ano
1187	Ano
1188	Ano
1189	Ano
1190	Ano
1191	Ano
1192	Ano
1193	Ano
1194	Ano
1195	Ano
1196	Ano
1197	Ano
1198	Ano
1199	Ano
1201	Ano
1202	Ano
1203	Ano
1204	Ano
1205	Ano
1206	Ano
1207	Ano
1208	Ano
1209	Ano
1210	Ano
1211	Ano
1212	Ano
1219	Ano
1220	Ano
1221	Ano
1224	Ano
1225	Ano
1226	Ano
1227	Ano
1228	Ano
1229	Ano
1230	Ano
1231	Ano
1232	Ano
1233	Ano
1234	Ano
1235	Ano
1236	Ano
1237	Ano
1238	Ano
1239	Ano
1240	Ano
1241	Ano
1242	Ano
1244	Ano
1245	Ano
1246	Ano
1247	Ano
1248	Ano
1249	Ano
1250	Ano
1251	Ano
1255	Ano
1256	Ano
1257	Ano
1258	Ano
1259	Ano
1260	Ano
1261	Ano
1262	Ano
1263	Mês
1264	Mês
1265	Mês
1266	Mês
1267	Ano
1268	Ano
1269	Ano
1270	Ano
1271	Ano
1272	Ano
1273	Ano
1274	Ano
1275	Ano
1276	Ano
1277	Ano
1278	Ano
1279	Ano
1280	Ano
1285	Ano
1286	Ano
1287	Ano
1288	Ano
1289	Ano
1290	Ano
1292	Ano
1294	Ano
1296	Ano
1298	Ano
1300	Ano
1301	Ano
1302	Ano
1306	Ano
1307	Ano
1309	Ano
1310	Ano
1311	Ano
1315	Ano
1324	Ano
1326	Ano
1327	Ano
1328	Ano
1329	Ano
1330	Ano
1331	Ano
1332	Ano
1336	Ano
1340	Ano
1341	Ano
1344	Ano
1345	Ano
1352	Ano
1353	Ano
1354	Ano
1356	Ano
1358	Ano
1359	Ano
1361	Ano
1362	Ano
1364	Ano
1365	Ano
1366	Ano
1367	Ano
1368	Ano
1369	Ano
1372	Ano
1377	Ano
1378	Ano
1379	Ano
1381	Ano
1382	Ano
1383	Ano
1384	Ano
1385	Ano
1386	Ano
1387	Mês
1390	Ano
1391	Ano
1393	Ano
1394	Ano
1395	Ano
1397	Ano
1398	Ano
1399	Ano
1400	Ano
1401	Ano
1402	Ano
1403	Ano
1404	Ano
1405	Ano
1406	Ano
1407	Ano
1408	Ano
1409	Ano
1410	Ano
1411	Ano
1412	Ano
1413	Ano
1414	Ano
1415	Ano
1416	Ano
1417	Ano
1418	Ano
1419	Mês
1420	Mês
1421	Ano
1422	Ano
1423	Ano
1424	Ano
1425	Ano
1426	Ano
1427	Ano
1428	Ano
1429	Ano
1431	Ano
1434	Ano
1435	Ano
1436	Ano
1437	Ano
1438	Ano
1439	Ano
1440	Ano
1441	Ano
1442	Ano
1444	Ano
1446	Ano
1447	Ano
1448	Ano
1449	Ano
1450	Ano
1451	Ano
1452	Ano
1453	Ano
1454	Ano
1456	Ano
1457	Ano
1458	Ano
1459	Ano
1460	Ano
1461	Ano
1462	Ano
1463	Ano
1464	Ano
1465	Ano
1466	Ano
1467	Ano
1468	Ano
1469	Ano
1470	Ano
1471	Ano
1472	Ano
1473	Ano
1474	Ano
1475	Ano
1476	Ano
1477	Ano
1478	Ano
1479	Ano
1480	Ano
1481	Ano
1482	Ano
1483	Ano
1484	Ano
1485	Ano
1486	Ano
1487	Ano
1488	Ano
1489	Ano
1490	Ano
1491	Ano
1492	Ano
1493	Ano
1494	Ano
1495	Ano
1496	Ano
1497	Ano
1498	Ano
1499	Ano
1500	Ano
1501	Ano
1502	Ano
1503	Ano
1504	Ano
1505	Ano
1506	Ano
1507	Ano
1508	Ano
1509	Ano
1510	Ano
1511	Ano
1512	Ano
1513	Ano
1514	Ano
1515	Ano
1516	Ano
1517	Ano
1518	Ano
1519	Ano
1520	Ano
1521	Ano
1522	Ano
1523	Ano
1524	Ano
1525	Ano
1526	Ano
1527	Ano
1528	Ano
1529	Ano
1530	Ano
1531	Ano
1532	Ano
1533	Ano
1534	Ano
1535	Ano
1536	Ano
1537	Ano
1538	Ano
1539	Ano
1540	Ano
1541	Ano
1542	Ano
1543	Ano
1544	Ano
1545	Ano
1546	Ano
1547	Ano
1548	Ano
1549	Ano
1550	Ano
1551	Ano
1552	Ano
1553	Ano
1554	Ano
1555	Ano
1556	Ano
1557	Ano
1558	Ano
1559	Ano
1560	Ano
1561	Ano
1562	Ano
1563	Ano
1564	Ano
1565	Ano
1566	Ano
1567	Ano
1568	Ano
1569	Ano
1570	Ano
1571	Ano
1572	Ano
1573	Ano
1574	Ano
1575	Ano
1576	Ano
1577	Ano
1578	Ano
1579	Ano
1580	Ano
1581	Ano
1582	Ano
1583	Ano
1584	Ano
1585	Ano
1586	Ano
1587	Ano
1588	Ano
1589	Ano
1590	Ano
1591	Ano
1592	Ano
1593	Ano
1594	Ano
1595	Ano
1596	Ano
1597	Ano
1598	Ano
1599	Ano
1600	Ano
1601	Ano
1602	Ano
1603	Ano
1604	Ano
1605	Ano
1606	Ano
1607	Ano
1608	Ano
1609	Ano
1611	Ano
1612	Ano
1613	Ano
1614	Ano
1615	Ano
1616	Trimestre
1617	Ano
1618	Mês
1619	Ano
1620	Trimestre
1621	Trimestre
1622	Ano
1624	Ano
1625	Ano
1626	Ano
1627	Ano
1628	Mês
1629	Ano
1630	Ano
1631	Ano
1632	Ano
1633	Ano
1634	Ano
1635	Ano
1636	Ano
1637	Ano
1638	Ano
1639	Ano
1640	Ano
1641	Ano
1642	Ano
1643	Ano
1644	Ano
1645	Ano
1646	Mês
1647	Ano
1648	Ano
1649	Ano
1650	Ano
1651	Ano
1652	Ano
1653	Ano
1654	Ano
1655	Ano
1656	Ano
1657	Ano
1658	Ano
1659	Ano
1660	Ano
1661	Ano
1662	Ano
1663	Ano
1664	Ano
1665	Ano
1667	Ano
1668	Ano
1669	Ano
1670	Ano
1671	Ano
1672	Ano
1673	Ano
1674	Ano
1675	Ano
1676	Ano
1677	Ano
1678	Ano
1679	Ano
1680	Ano
1681	Ano
1682	Ano
1683	Ano
1684	Ano
1685	Ano
1686	Mês
1687	Ano
1688	Ano
1689	Ano
1690	Mês
1691	Mês
1692	Mês
1693	Mês
1694	Mês
1695	Ano
1699	Ano
1702	Ano
1704	Ano
1705	Mês
1706	Ano
1708	Ano
1709	Ano
1710	Ano
1711	Ano
1712	Ano
1713	Ano
1714	Ano
1715	Ano
1716	Ano
1717	Ano
1718	Ano
1719	Ano
1720	Ano
1722	Ano
1723	Ano
1724	Ano
1727	Ano
1728	Ano
1729	Ano
1730	Ano
1731	Ano
1732	Ano
1733	Ano
1734	Ano
1735	Ano
1736	Mês
1737	Mês
1738	Ano
1739	Ano
1740	Ano
1741	Ano
1742	Ano
1743	Ano
1744	Ano
1745	Ano
1746	Ano
1747	Ano
1748	Ano
1749	Ano
1750	Ano
1751	Ano
1752	Ano
1753	Ano
1754	Ano
1755	Ano
1756	Ano
1757	Ano
1758	Ano
1759	Ano
1760	Ano
1761	Ano
1762	Ano
1764	Ano
1765	Ano
1766	Ano
1767	Ano
1768	Ano
1769	Ano
1770	Ano
1772	Ano
1773	Ano
1774	Ano
1775	Ano
1776	Ano
1777	Ano
1778	Ano
1779	Ano
1780	Ano
1781	Ano
1782	Ano
1783	Ano
1784	Ano
1785	Ano
1786	Ano
1787	Ano
1788	Ano
1789	Ano
1790	Ano
1791	Ano
1792	Ano
1793	Ano
1794	Ano
1795	Ano
1796	Ano
1797	Ano
1798	Ano
1799	Ano
1800	Ano
1801	Ano
1802	Ano
1803	Ano
1804	Ano
1805	Ano
1806	Ano
1807	Ano
1808	Ano
1809	Ano
1810	Ano
1811	Ano
1812	Ano
1813	Ano
1814	Ano
1815	Ano
1816	Ano
1817	Ano
1818	Ano
1819	Ano
1820	Ano
1821	Ano
1822	Ano
1823	Ano
1824	Ano
1825	Ano
1826	Ano
1827	Ano
1828	Ano
1829	Ano
1830	Ano
1831	Ano
1832	Ano
1833	Ano
1834	Ano
1835	Ano
1836	Ano
1837	Ano
1838	Ano
1839	Ano
1840	Ano
1841	Ano
1842	Ano
1843	Ano
1844	Ano
1845	Ano
1846	Trimestre
1847	Ano
1848	Ano
1849	Ano
1850	Ano
1851	Ano
1852	Ano
1853	Ano
1854	Ano
1855	Ano
1856	Ano
1857	Ano
1858	Ano
1859	Ano
1860	Ano
1861	Ano
1862	Ano
1863	Ano
1864	Ano
1865	Ano
1866	Ano
1867	Ano
1868	Ano
1869	Ano
1870	Ano
1871	Ano
1872	Ano
1873	Ano
1874	Ano
1875	Ano
1876	Ano
1877	Ano
1878	Ano
1879	Ano
1880	Ano
1881	Ano
1882	Ano
1883	Ano
1884	Ano
1885	Ano
1886	Ano
1887	Ano
1888	Ano
1889	Ano
1890	Ano
1891	Ano
1892	Ano
1893	Ano
1894	Ano
1895	Ano
1896	Ano
1897	Ano
1898	Ano
1899	Ano
1900	Ano
1901	Ano
1902	Ano
1903	Ano
1904	Ano
1905	Ano
1906	Ano
1907	Ano
1908	Ano
1909	Ano
1910	Ano
1911	Ano
1912	Ano
1913	Ano
1914	Ano
1915	Ano
1916	Ano
1917	Ano
1918	Ano
1919	Ano
1920	Ano
1921	Ano
1922	Ano
1923	Ano
1924	Ano
1925	Ano
1926	Ano
1927	Ano
1928	Ano
1929	Ano
1930	Ano
1931	Ano
1932	Ano
1933	Ano
1934	Ano
1935	Ano
1936	Ano
1937	Ano
1938	Ano
1939	Ano
1940	Ano
1941	Ano
1942	Ano
1943	Ano
1944	Ano
1945	Ano
1946	Ano
1947	Ano
1948	Ano
1949	Ano
1950	Ano
1951	Ano
1952	Ano
1953	Ano
1954	Ano
1955	Ano
1956	Ano
1957	Ano
1958	Ano
1959	Ano
1960	Ano
1961	Ano
1962	Ano
1963	Ano
1964	Ano
1965	Ano
1966	Ano
1967	Ano
1968	Ano
1969	Ano
1970	Ano
1971	Ano
1972	Ano
1973	Ano
1974	Ano
1975	Ano
1976	Ano
1977	Ano
1978	Ano
1979	Ano
1980	Ano
1981	Ano
1982	Ano
1983	Ano
1984	Ano
1985	Ano
1986	Ano
1987	Ano
1988	Ano
1989	Ano
1990	Ano
1991	Ano
1992	Ano
1993	Ano
1994	Ano
1995	Ano
1996	Ano
1997	Ano
1998	Ano
1999	Ano
2000	Ano
2001	Ano
2002	Ano
2003	Ano
2004	Ano
2005	Ano
2006	Ano
2007	Ano
2008	Ano
2009	Ano
2010	Ano
2011	Ano
2012	Ano
2013	Ano
2014	Ano
2015	Ano
2016	Ano
2017	Ano
2018	Ano
2019	Ano
2020	Ano
2021	Ano
2022	Ano
2023	Ano
2024	Ano
2025	Ano
2026	Ano
2027	Ano
2028	Ano
2029	Ano
2030	Ano
2031	Ano
2032	Ano
2033	Ano
2034	Ano
2035	Ano
2036	Ano
2037	Ano
2038	Ano
2039	Ano
2040	Mês
2041	Mês
2042	Mês
2043	Mês
2044	Mês
2045	Mês
2046	Mês
2047	Mês
2048	Mês
2050	Mês
2051	Mês
2052	Mês
2053	Mês
2054	Mês
2055	Mês
2056	Mês
2057	Mês
2058	Mês
2059	Ano
2060	Ano
2061	Ano
2062	Mês
2063	Ano
2064	Ano
2065	Ano
2066	Ano
2067	Ano
2068	Ano
2069	Ano
2070	Ano
2071	Ano
2072	Trimestre
2073	Ano
2074	Ano
2075	Ano
2076	Ano
2077	Ano
2078	Ano
2079	Ano
2080	Ano
2081	Ano
2082	Ano
2083	Ano
2084	Ano
2085	Ano
2086	Ano
2087	Ano
2088	Ano
2089	Ano
2090	Ano
2091	Ano
2092	Ano
2093	Ano
2094	Ano
2095	Ano
2096	Ano
2097	Ano
2098	Ano
2099	Ano
2100	Ano
2101	Ano
2102	Ano
2103	Ano
2104	Ano
2105	Ano
2106	Ano
2107	Ano
2108	Ano
2109	Ano
2110	Ano
2111	Ano
2112	Ano
2113	Ano
2114	Ano
2115	Ano
2116	Ano
2117	Ano
2118	Ano
2119	Ano
2120	Ano
2121	Ano
2122	Ano
2123	Ano
2124	Ano
2125	Ano
2126	Ano
2127	Ano
2128	Ano
2129	Ano
2130	Ano
2131	Ano
2132	Ano
2133	Ano
2134	Ano
2135	Ano
2136	Ano
2137	Ano
2138	Ano
2139	Ano
2140	Ano
2141	Ano
2142	Ano
2143	Ano
2144	Ano
2145	Ano
2146	Ano
2147	Ano
2148	Ano
2149	Ano
2150	Ano
2151	Ano
2152	Ano
2153	Ano
2154	Ano
2156	Mês
2157	Mês
2158	Mês
2159	Mês
2160	Mês
2161	Mês
2162	Mês
2163	Mês
2164	Ano
2165	Mês
2166	Mês
2167	Mês
2168	Mês
2169	Mês
2170	Mês
2171	Mês
2172	Ano
2173	Mês
2174	Ano
2175	Mês
2176	Mês
2177	Mês
2178	Mês
2179	Mês
2180	Mês
2181	Mês
2182	Mês
2183	Mês
2184	Mês
2185	Mês
2186	Mês
2187	Mês
2188	Ano
2189	Mês
2190	Mês
2191	Mês
2192	Mês
2193	Mês
2194	Ano
2195	Ano
2196	Ano
2197	Ano
2198	Ano
2199	Ano
2200	Ano
2201	Ano
2202	Ano
2203	Ano
2204	Ano
2205	Trimestre
2207	Ano
2208	Ano
2209	Ano
2210	Ano
2211	Ano
2212	Ano
2213	Ano
2214	Ano
2215	Ano
2216	Ano
2217	Ano
2218	Ano
2219	Ano
2220	Ano
2221	Ano
2222	Ano
2223	Ano
2224	Ano
2225	Ano
2226	Ano
2227	Ano
2228	Ano
2229	Ano
2230	Ano
2231	Ano
2232	Ano
2233	Ano
2234	Ano
2235	Ano
2236	Ano
2237	Ano
2238	Ano
2239	Ano
2240	Ano
2241	Ano
2242	Ano
2243	Ano
2244	Ano
2245	Ano
2246	Ano
2247	Ano
2248	Ano
2249	Ano
2250	Ano
2251	Ano
2252	Ano
2253	Ano
2254	Ano
2255	Ano
2256	Ano
2257	Ano
2258	Ano
2259	Mês
2260	Mês
2265	Ano
2266	Ano
2267	Ano
2268	Ano
2269	Ano
2270	Ano
2271	Ano
2272	Ano
2273	Ano
2274	Mês
2275	Mês
2276	Mês
2277	Ano
2278	Ano
2279	Ano
2280	Ano
2281	Ano
2282	Ano
2283	Ano
2284	Ano
2285	Ano
2286	Mês
2287	Mês
2288	Mês
2289	Mês
2290	Mês
2291	Mês
2292	Mês
2294	Mês
2295	Mês
2296	Mês
2297	Ano
2298	Ano
2299	Ano
2300	Ano
2301	Ano
2303	Ano
2304	Ano
2305	Ano
2306	Ano
2307	Ano
2308	Ano
2309	Ano
2312	Ano
2313	Ano
2314	Ano
2315	Ano
2316	Ano
2317	Ano
2318	Ano
2319	Ano
2320	Ano
2321	Ano
2322	Ano
2323	Ano
2324	Ano
2325	Ano
2326	Ano
2327	Ano
2328	Ano
2329	Ano
2330	Ano
2331	Ano
2332	Ano
2333	Ano
2334	Ano
2335	Ano
2336	Ano
2337	Ano
2338	Ano
2339	Ano
2340	Ano
2341	Ano
2342	Ano
2343	Ano
2344	Ano
2346	Ano
2347	Ano
2348	Ano
2349	Ano
2350	Ano
2351	Ano
2352	Ano
2353	Ano
2354	Ano
2355	Ano
2356	Ano
2358	Ano
2359	Ano
2360	Ano
2361	Ano
2362	Ano
2363	Ano
2364	Ano
2365	Ano
2366	Ano
2367	Ano
2368	Ano
2369	Ano
2370	Ano
2371	Ano
2372	Ano
2373	Ano
2374	Ano
2379	Ano
2380	Ano
2381	Ano
2386	Ano
2387	Ano
2388	Ano
2389	Ano
2390	Ano
2391	Ano
2392	Ano
2393	Ano
2394	Ano
2395	Ano
2396	Ano
2397	Ano
2398	Ano
2399	Ano
2400	Ano
2401	Ano
2402	Ano
2403	Ano
2404	Ano
2406	Ano
2407	Ano
2408	Ano
2409	Ano
2410	Ano
2411	Ano
2412	Ano
2413	Ano
2414	Ano
2415	Ano
2416	Ano
2417	Ano
2418	Ano
2419	Ano
2420	Ano
2421	Ano
2422	Ano
2423	Ano
2424	Ano
2425	Ano
2426	Ano
2427	Ano
2428	Ano
2429	Ano
2430	Ano
2431	Ano
2432	Ano
2433	Ano
2434	Ano
2435	Ano
2436	Ano
2437	Ano
2438	Ano
2439	Ano
2440	Ano
2441	Ano
2442	Ano
2443	Ano
2444	Ano
2445	Ano
2446	Ano
2447	Ano
2448	Ano
2449	Ano
2450	Ano
2451	Ano
2452	Ano
2453	Ano
2454	Ano
2455	Ano
2456	Ano
2457	Ano
2458	Ano
2459	Ano
2460	Ano
2461	Ano
2462	Ano
2463	Ano
2464	Ano
2465	Ano
2466	Ano
2467	Ano
2468	Ano
2470	Ano
2471	Ano
2472	Ano
2473	Ano
2474	Ano
2475	Ano
2476	Ano
2477	Ano
2478	Ano
2480	Ano
2483	Ano
2485	Ano
2487	Ano
2493	Ano
2494	Ano
2495	Ano
2496	Ano
2498	Ano
2508	Ano
2509	Ano
2512	Ano
2513	Ano
2514	Ano
2518	Ano
2519	Ano
2520	Ano
2521	Ano
2522	Ano
2523	Ano
2526	Ano
2530	Ano
2532	Ano
2555	Ano
2571	Ano
2572	Ano
2573	Ano
2574	Ano
2575	Mês
2576	Ano
2577	Ano
2578	Ano
2579	Ano
2580	Ano
2581	Ano
2582	Ano
2583	Ano
2584	Ano
2585	Ano
2586	Ano
2587	Ano
2588	Ano
2589	Ano
2590	Ano
2591	Ano
2592	Ano
2593	Ano
2594	Ano
2595	Ano
2596	Ano
2597	Ano
2598	Ano
2599	Ano
2600	Ano
2601	Ano
2602	Ano
2603	Ano
2604	Ano
2605	Ano
2606	Ano
2607	Ano
2608	Ano
2609	Ano
2610	Ano
2611	Ano
2612	Ano
2613	Ano
2614	Ano
2616	Ano
2617	Ano
2618	Ano
2619	Ano
2620	Ano
2621	Ano
2622	Ano
2623	Ano
2624	Ano
2625	Ano
2626	Ano
2627	Ano
2628	Ano
2629	Ano
2630	Ano
2631	Ano
2632	Ano
2633	Ano
2634	Ano
2635	Ano
2636	Ano
2637	Ano
2638	Ano
2639	Ano
2640	Ano
2641	Ano
2642	Ano
2643	Ano
2644	Ano
2645	Ano
2646	Ano
2647	Ano
2648	Ano
2649	Ano
2650	Ano
2651	Ano
2652	Ano
2653	Ano
2654	Ano
2655	Ano
2656	Ano
2657	Ano
2658	Ano
2659	Ano
2660	Ano
2661	Ano
2662	Ano
2663	Ano
2664	Ano
2665	Ano
2666	Ano
2667	Ano
2668	Ano
2669	Ano
2670	Ano
2671	Ano
2672	Ano
2673	Ano
2674	Ano
2675	Ano
2676	Ano
2677	Ano
2678	Ano
2679	Ano
2680	Ano
2681	Ano
2682	Ano
2683	Ano
2684	Ano
2685	Ano
2686	Ano
2687	Ano
2688	Ano
2689	Ano
2690	Ano
2691	Ano
2692	Ano
2693	Ano
2695	Ano
2696	Ano
2697	Ano
2698	Ano
2699	Ano
2700	Ano
2701	Ano
2702	Ano
2703	Ano
2704	Ano
2705	Ano
2706	Ano
2707	Ano
2708	Ano
2709	Ano
2710	Ano
2711	Ano
2712	Ano
2713	Ano
2714	Ano
2715	Ano
2716	Ano
2717	Ano
2718	Ano
2719	Ano
2720	Ano
2721	Ano
2722	Ano
2723	Ano
2724	Ano
2725	Ano
2726	Ano
2727	Ano
2729	Ano
2730	Ano
2731	Ano
2732	Ano
2733	Ano
2734	Ano
2735	Ano
2736	Ano
2737	Ano
2738	Ano
2739	Ano
2740	Ano
2741	Ano
2742	Ano
2743	Ano
2744	Ano
2745	Ano
2746	Ano
2747	Ano
2748	Ano
2749	Ano
2750	Ano
2751	Ano
2752	Ano
2753	Ano
2754	Ano
2755	Ano
2756	Ano
2757	Ano
2758	Ano
2759	Ano
2760	Ano
2761	Ano
2762	Ano
2763	Ano
2766	Ano
2767	Ano
2768	Ano
2769	Ano
2770	Ano
2771	Ano
2772	Ano
2773	Ano
2774	Ano
2775	Ano
2776	Ano
2777	Ano
2778	Ano
2779	Ano
2780	Ano
2781	Ano
2782	Ano
2783	Ano
2784	Ano
2785	Ano
2786	Ano
2787	Ano
2788	Ano
2789	Ano
2790	Ano
2791	Ano
2792	Ano
2793	Ano
2794	Ano
2795	Ano
2796	Ano
2797	Ano
2798	Ano
2799	Ano
2800	Ano
2801	Ano
2802	Ano
2803	Ano
2804	Ano
2805	Ano
2806	Ano
2807	Ano
2808	Ano
2809	Ano
2810	Ano
2811	Ano
2812	Ano
2813	Ano
2814	Ano
2815	Ano
2816	Ano
2817	Ano
2818	Ano
2819	Ano
2820	Ano
2821	Ano
2822	Ano
2823	Ano
2824	Ano
2825	Ano
2826	Ano
2827	Ano
2828	Ano
2829	Ano
2830	Ano
2831	Ano
2832	Ano
2833	Ano
2834	Ano
2835	Ano
2836	Ano
2837	Ano
2838	Ano
2839	Ano
2840	Ano
2841	Ano
2842	Ano
2843	Ano
2844	Ano
2845	Ano
2846	Ano
2847	Ano
2848	Ano
2849	Ano
2850	Ano
2851	Ano
2852	Ano
2856	Ano
2857	Ano
2858	Ano
2859	Ano
2860	Ano
2861	Ano
2862	Ano
2863	Ano
2864	Ano
2865	Ano
2866	Ano
2867	Ano
2868	Ano
2869	Ano
2870	Ano
2871	Ano
2872	Ano
2873	Ano
2874	Ano
2875	Ano
2876	Ano
2877	Ano
2878	Ano
2879	Ano
2880	Ano
2881	Ano
2882	Ano
2883	Ano
2884	Ano
2885	Ano
2886	Ano
2887	Ano
2893	Ano
2894	Ano
2895	Ano
2896	Ano
2897	Ano
2898	Ano
2899	Ano
2900	Ano
2901	Ano
2902	Ano
2903	Ano
2904	Ano
2905	Ano
2906	Ano
2907	Ano
2908	Ano
2909	Ano
2910	Ano
2911	Ano
2912	Ano
2913	Ano
2914	Ano
2915	Ano
2916	Ano
2917	Ano
2918	Ano
2919	Ano
2920	Ano
2921	Ano
2922	Ano
2923	Ano
2924	Ano
2925	Ano
2926	Ano
2927	Ano
2928	Ano
2929	Ano
2930	Ano
2931	Ano
2932	Ano
2933	Ano
2934	Ano
2935	Ano
2936	Ano
2937	Ano
2938	Mês
2942	Mês
2944	Ano
2946	Mês
2948	Ano
2949	Ano
2951	Mês
2952	Ano
2953	Ano
2954	Ano
2955	Ano
2956	Ano
2957	Ano
2958	Ano
2959	Ano
2960	Ano
2961	Ano
2962	Ano
2963	Ano
2964	Ano
2965	Ano
2966	Ano
2967	Ano
2968	Ano
2969	Ano
2970	Ano
2971	Ano
2972	Ano
2973	Ano
2974	Ano
2975	Ano
2976	Ano
2977	Ano
2978	Ano
2979	Ano
2980	Ano
2981	Ano
2982	Ano
2983	Ano
2984	Ano
2985	Ano
2986	Ano
2987	Ano
2988	Ano
2989	Ano
2990	Ano
2991	Ano
2992	Ano
2993	Ano
2994	Ano
2995	Ano
2996	Ano
2997	Ano
2998	Ano
2999	Ano
3000	Ano
3001	Ano
3002	Ano
3003	Ano
3004	Ano
3005	Ano
3006	Ano
3007	Ano
3008	Ano
3009	Ano
3010	Ano
3011	Ano
3012	Ano
3013	Ano
3014	Ano
3015	Ano
3016	Ano
3017	Ano
3018	Ano
3019	Ano
3020	Ano
3021	Ano
3022	Ano
3023	Ano
3024	Ano
3025	Ano
3026	Ano
3027	Ano
3028	Ano
3029	Ano
3030	Ano
3031	Ano
3032	Ano
3033	Ano
3036	Ano
3047	Ano
3048	Ano
3064	Ano
3065	Mês
3104	Mês
3105	Ano
3106	Ano
3107	Ano
3143	Ano
3145	Ano
3146	Ano
3147	Ano
3148	Ano
3149	Ano
3150	Ano
3151	Ano
3152	Ano
3153	Ano
3154	Ano
3155	Ano
3156	Ano
3157	Ano
3168	Ano
3169	Ano
3170	Ano
3171	Ano
3172	Ano
3173	Ano
3174	Ano
3175	Ano
3176	Ano
3177	Ano
3178	Ano
3179	Ano
3180	Ano
3181	Ano
3182	Ano
3190	Ano
3191	Ano
3192	Ano
3193	Ano
3194	Ano
3195	Ano
3205	Ano
3206	Ano
3207	Ano
3208	Ano
3209	Ano
3210	Ano
3211	Ano
3212	Ano
3213	Ano
3214	Ano
3215	Ano
3216	Ano
3217	Ano
3218	Ano
3219	Ano
3220	Ano
3221	Ano
3222	Ano
3223	Ano
3224	Ano
3241	Ano
3243	Ano
3251	Ano
3261	Ano
3263	Ano
3264	Ano
3268	Ano
3274	Ano
3275	Ano
3276	Ano
3277	Ano
3278	Ano
3279	Ano
3280	Ano
3281	Ano
3282	Ano
3283	Ano
3284	Ano
3285	Ano
3286	Ano
3287	Ano
3288	Ano
3289	Ano
3290	Ano
3291	Ano
3292	Ano
3293	Ano
3294	Ano
3295	Ano
3296	Ano
3297	Ano
3298	Ano
3299	Ano
3300	Ano
3301	Ano
3302	Ano
3303	Ano
3304	Ano
3305	Ano
3306	Ano
3307	Ano
3308	Ano
3309	Ano
3310	Ano
3311	Ano
3312	Ano
3313	Ano
3314	Ano
3315	Ano
3316	Ano
3317	Ano
3318	Ano
3319	Ano
3320	Ano
3321	Ano
3322	Ano
3323	Ano
3324	Ano
3325	Ano
3326	Ano
3327	Ano
3328	Ano
3329	Ano
3330	Ano
3331	Ano
3332	Ano
3333	Ano
3334	Ano
3335	Ano
3336	Ano
3337	Ano
3338	Ano
3339	Ano
3340	Ano
3341	Ano
3342	Ano
3343	Ano
3344	Ano
3345	Ano
3346	Ano
3347	Ano
3348	Ano
3349	Ano
3350	Ano
3351	Ano
3352	Ano
3353	Ano
3354	Ano
3355	Ano
3356	Ano
3357	Ano
3358	Ano
3359	Ano
3360	Ano
3361	Ano
3362	Ano
3363	Ano
3364	Ano
3365	Ano
3366	Ano
3367	Ano
3368	Ano
3369	Ano
3370	Ano
3371	Ano
3372	Ano
3373	Ano
3374	Ano
3375	Ano
3376	Ano
3379	Ano
3380	Ano
3381	Ano
3382	Ano
3383	Ano
3384	Ano
3385	Ano
3387	Ano
3389	Ano
3390	Ano
3391	Ano
3392	Ano
3393	Ano
3394	Ano
3395	Ano
3396	Ano
3397	Ano
3398	Ano
3399	Ano
3400	Ano
3401	Ano
3402	Ano
3403	Ano
3404	Ano
3406	Ano
3407	Ano
3408	Ano
3409	Ano
3410	Ano
3411	Ano
3412	Ano
3413	Ano
3414	Ano
3415	Mês
3416	Mês
3417	Mês
3418	Mês
3419	Mês
3420	Mês
3421	Ano
3422	Ano
3424	Ano
3425	Ano
3426	Ano
3427	Ano
3428	Ano
3429	Ano
3430	Ano
3431	Ano
3432	Ano
3433	Ano
3434	Ano
3435	Ano
3436	Ano
3440	Ano
3441	Ano
3442	Ano
3443	Ano
3445	Ano
3446	Ano
3447	Ano
3448	Ano
3449	Ano
3450	Ano
3451	Ano
3452	Ano
3453	Ano
3454	Ano
3455	Ano
3456	Ano
3457	Ano
3458	Ano
3459	Ano
3460	Ano
3461	Ano
3462	Ano
3463	Ano
3464	Ano
3465	Ano
3466	Ano
3467	Ano
3468	Ano
3469	Ano
3470	Ano
3471	Ano
3472	Ano
3473	Ano
3474	Ano
3475	Ano
3476	Ano
3477	Ano
3478	Ano
3479	Ano
3480	Ano
3481	Ano
3482	Ano
3483	Ano
3484	Ano
3485	Ano
3486	Ano
3487	Ano
3488	Ano
3489	Ano
3490	Ano
3491	Ano
3492	Ano
3493	Ano
3494	Ano
3495	Ano
3496	Ano
3497	Ano
3498	Ano
3499	Ano
3500	Ano
3501	Ano
3502	Ano
3503	Ano
3504	Ano
3505	Ano
3506	Ano
3507	Ano
3508	Ano
3509	Ano
3510	Ano
3511	Ano
3512	Ano
3513	Ano
3514	Ano
3515	Ano
3516	Ano
3517	Ano
3518	Ano
3519	Ano
3520	Ano
3521	Ano
3522	Ano
3523	Ano
3524	Ano
3525	Ano
3526	Ano
3527	Ano
3528	Ano
3529	Ano
3530	Ano
3531	Ano
3532	Ano
3533	Ano
3534	Ano
3535	Ano
3536	Ano
3537	Ano
3538	Ano
3539	Ano
3540	Ano
3541	Ano
3542	Ano
3543	Ano
3544	Ano
3545	Ano
3546	Ano
3547	Ano
3548	Ano
3549	Ano
3550	Ano
3551	Ano
3552	Ano
3553	Ano
3554	Ano
3555	Ano
3556	Ano
3557	Ano
3558	Ano
3559	Ano
3560	Ano
3561	Ano
3562	Ano
3563	Ano
3564	Ano
3565	Ano
3566	Ano
3567	Ano
3568	Ano
3569	Ano
3570	Ano
3571	Ano
3572	Ano
3573	Ano
3574	Ano
3575	Ano
3576	Ano
3577	Ano
3578	Ano
3579	Ano
3580	Ano
3581	Ano
3582	Ano
3583	Ano
3584	Ano
3585	Ano
3586	Ano
3587	Ano
3588	Ano
3589	Ano
3590	Ano
3591	Ano
3592	Ano
3593	Ano
3594	Ano
3595	Ano
3596	Ano
3597	Ano
3598	Ano
3600	Ano
3601	Ano
3602	Ano
3603	Ano
3604	Ano
3605	Ano
3606	Ano
3607	Ano
3608	Ano
3609	Ano
3610	Ano
3611	Ano
3612	Ano
3613	Ano
3614	Ano
3615	Ano
3616	Ano
3617	Ano
3618	Ano
3619	Ano
3620	Ano
3621	Ano
3622	Ano
3623	Ano
3624	Ano
3625	Ano
3627	Ano
3628	Ano
3629	Ano
3630	Ano
3631	Ano
3632	Ano
3633	Ano
3634	Ano
3635	Ano
3636	Ano
3637	Ano
3638	Ano
3640	Ano
3641	Ano
3642	Ano
3643	Ano
3646	Ano
3647	Ano
3650	Mês
3651	Mês
3652	Mês
3653	Mês
3656	Ano
3660	Ano
3666	Ano
3668	Ano
3679	Ano
3680	Ano
3681	Ano
3682	Ano
3684	Ano
3685	Ano
3686	Ano
3688	Ano
3689	Ano
3690	Ano
3691	Ano
3692	Ano
3693	Ano
3694	Ano
3695	Ano
3696	Ano
3697	Ano
3698	Ano
3699	Ano
3700	Ano
3701	Ano
3702	Ano
3703	Ano
3704	Ano
3705	Ano
3706	Ano
3707	Ano
3708	Ano
3709	Ano
3710	Ano
3711	Ano
3712	Ano
3713	Ano
3714	Ano
3715	Ano
3716	Ano
3717	Ano
3718	Ano
3719	Ano
3720	Ano
3721	Ano
3723	Ano
3724	Ano
3725	Ano
3726	Ano
3727	Ano
3733	Ano
3734	Ano
3735	Ano
3736	Ano
3737	Ano
3738	Ano
3741	Ano
3742	Ano
3743	Ano
3744	Ano
3745	Ano
3747	Ano
3748	Ano
3749	Ano
3750	Ano
3751	Ano
3762	Ano
3824	Ano
3825	Ano
3826	Ano
3828	Ano
3834	Ano
3835	Ano
3836	Ano
3837	Ano
3838	Ano
3839	Mês
3840	Mês
3841	Mês
3842	Mês
3843	Ano
3844	Ano
3845	Ano
3846	Ano
3847	Ano
3848	Ano
3849	Ano
3850	Ano
3855	Ano
3856	Ano
3875	Ano
3877	Ano
3881	Ano
3884	Ano
3886	Ano
3887	Ano
3897	Ano
3898	Ano
3899	Ano
3900	Ano
3901	Ano
3902	Ano
3903	Ano
3905	Ano
3906	Ano
3907	Ano
3908	Ano
3909	Ano
3910	Ano
3911	Ano
3912	Ano
3913	Ano
3914	Ano
3915	Ano
3916	Ano
3917	Ano
3918	Trimestre Móvel
3919	Trimestre Móvel
3923	Ano
3924	Ano
3925	Ano
3926	Ano
3927	Ano
3928	Ano
3929	Ano
3930	Ano
3939	Ano
3940	Ano
3947	Ano
3948	Ano
3949	Ano
3950	Ano
3951	Ano
3952	Ano
3953	Ano
3954	Ano
3955	Ano
3956	Ano
3957	Ano
3958	Ano
3959	Ano
3960	Ano
3961	Ano
3962	Ano
3963	Ano
3964	Ano
3965	Ano
3966	Ano
3967	Ano
3968	Ano
3969	Ano
3970	Ano
3971	Ano
3972	Ano
3973	Ano
3974	Ano
3975	Ano
3976	Ano
3977	Ano
3978	Ano
3979	Ano
3980	Ano
3981	Ano
3982	Ano
3983	Ano
3984	Ano
3985	Ano
3986	Ano
3987	Ano
3988	Ano
3989	Ano
3990	Ano
3991	Ano
3992	Ano
3993	Ano
3994	Ano
3995	Ano
3996	Ano
3997	Ano
3998	Ano
3999	Ano
4000	Ano
4001	Ano
4002	Ano
4003	Ano
4004	Ano
4005	Ano
4006	Ano
4007	Ano
4008	Ano
4009	Ano
4010	Ano
4011	Ano
4012	Ano
4013	Ano
4014	Ano
4015	Ano
4016	Ano
4017	Ano
4018	Ano
4019	Ano
4020	Ano
4021	Ano
4022	Ano
4023	Ano
4024	Ano
4025	Ano
4026	Ano
4027	Ano
4028	Ano
4029	Ano
4030	Ano
4031	Ano
4032	Ano
4033	Ano
4034	Ano
4035	Ano
4036	Ano
4037	Ano
4038	Ano
4039	Ano
4040	Ano
4041	Ano
4042	Ano
4043	Ano
4044	Ano
4045	Ano
4046	Ano
4047	Ano
4048	Ano
4049	Ano
4050	Ano
4051	Ano
4052	Ano
4053	Ano
4054	Ano
4055	Ano
4056	Ano
4057	Ano
4058	Ano
4059	Ano
4060	Ano
4061	Ano
4062	Ano
4063	Ano
4064	Ano
4065	Ano
4066	Ano
4067	Ano
4068	Ano
4069	Ano
4070	Ano
4071	Ano
4072	Ano
4081	Ano
4087	Ano
4088	Ano
4089	Ano
4090	Ano
4091	Ano
4092	Trimestre
4093	Trimestre
4094	Trimestre
4095	Trimestre
4096	Trimestre
4097	Trimestre
4098	Ano
4099	Trimestre
4100	Trimestre
4102	Ano
4103	Ano
4104	Ano
4105	Ano
4106	Ano
4107	Ano
4108	Ano
4109	Ano
4110	Ano
4111	Ano
4112	Ano
4113	Ano
4114	Ano
4115	Ano
4116	Ano
4117	Ano
4118	Ano
4119	Ano
4120	Ano
4121	Ano
4122	Ano
4123	Ano
4124	Ano
4125	Ano
4126	Ano
4127	Ano
4128	Ano
4129	Ano
4130	Ano
4131	Ano
4132	Ano
4133	Ano
4134	Ano
4135	Ano
4136	Ano
4137	Ano
4138	Ano
4139	Ano
4140	Ano
4141	Ano
4142	Ano
4143	Ano
4144	Ano
4145	Ano
4146	Ano
4147	Ano
4148	Ano
4149	Ano
4150	Ano
4151	Ano
4152	Ano
4153	Ano
4154	Ano
4155	Ano
4156	Ano
4157	Ano
4158	Ano
4159	Ano
4160	Ano
4161	Ano
4162	Ano
4163	Ano
4165	Ano
4166	Ano
4167	Ano
4168	Ano
4169	Ano
4170	Ano
4171	Ano
4172	Ano
4173	Ano
4174	Ano
4175	Ano
4176	Ano
4177	Ano
4178	Ano
4179	Ano
4180	Ano
4181	Ano
4182	Ano
4183	Ano
4184	Ano
4185	Ano
4186	Ano
4187	Ano
4188	Ano
4190	Ano
4191	Ano
4192	Ano
4193	Ano
4194	Ano
4195	Ano
4196	Ano
4197	Ano
4198	Ano
4199	Ano
4200	Ano
4201	Ano
4202	Ano
4203	Ano
4204	Ano
4205	Ano
4206	Ano
4207	Ano
4208	Ano
4209	Ano
4210	Ano
4211	Ano
4212	Ano
4213	Ano
4214	Ano
4215	Ano
4216	Ano
4217	Ano
4218	Ano
4219	Ano
4220	Ano
4221	Ano
4222	Ano
4223	Ano
4224	Ano
4225	Ano
4226	Ano
4227	Ano
4228	Ano
4229	Ano
4230	Ano
4231	Ano
4232	Ano
4234	Ano
4235	Ano
4236	Ano
4237	Ano
4238	Ano
4239	Ano
4240	Ano
4241	Ano
4242	Ano
4245	Ano
4246	Ano
4247	Ano
4248	Ano
4250	Ano
4251	Ano
4252	Ano
4253	Ano
4254	Ano
4255	Ano
4256	Ano
4257	Ano
4258	Ano
4259	Ano
4261	Ano
4262	Ano
4263	Ano
4264	Ano
4265	Ano
4266	Ano
4267	Ano
4268	Ano
4269	Ano
4270	Ano
4271	Ano
4272	Ano
4273	Ano
4274	Ano
4275	Ano
4276	Ano
4277	Ano
4278	Ano
4279	Ano
4280	Ano
4281	Ano
4282	Ano
4283	Ano
4284	Ano
4285	Ano
4286	Ano
4287	Ano
4288	Ano
4289	Ano
4290	Ano
4291	Ano
4292	Ano
4293	Ano
4294	Ano
4295	Ano
4296	Ano
4297	Ano
4298	Ano
4299	Ano
4300	Ano
4301	Ano
4302	Ano
4304	Ano
4305	Ano
4306	Ano
4307	Ano
4308	Ano
4309	Ano
4310	Ano
4311	Ano
4312	Ano
4313	Ano
4314	Ano
4315	Ano
4316	Ano
4317	Ano
4318	Ano
4319	Ano
4320	Ano
4321	Ano
4322	Ano
4323	Ano
4324	Ano
4325	Ano
4326	Ano
4327	Ano
4328	Ano
4329	Ano
4330	Ano
4331	Ano
4332	Ano
4333	Ano
4334	Ano
4335	Ano
4336	Ano
4337	Ano
4338	Ano
4339	Ano
4340	Ano
4341	Ano
4342	Ano
4343	Ano
4344	Ano
4345	Ano
4346	Ano
4347	Ano
4348	Ano
4349	Ano
4350	Ano
4351	Ano
4352	Ano
4353	Ano
4354	Ano
4355	Ano
4356	Ano
4357	Ano
4358	Ano
4359	Ano
4360	Ano
4361	Ano
4362	Ano
4363	Ano
4364	Ano
4365	Ano
4366	Ano
4367	Ano
4368	Ano
4369	Ano
4370	Ano
4371	Ano
4372	Ano
4373	Ano
4374	Ano
4375	Ano
4376	Ano
4377	Ano
4378	Ano
4379	Ano
4380	Ano
4381	Ano
4382	Ano
4383	Ano
4384	Ano
4385	Ano
4386	Ano
4387	Ano
4388	Ano
4389	Ano
4390	Ano
4391	Ano
4392	Ano
4393	Ano
4394	Ano
4395	Ano
4396	Ano
4397	Ano
4398	Ano
4399	Ano
4400	Ano
4401	Ano
4402	Ano
4403	Ano
4404	Ano
4405	Ano
4406	Ano
4407	Ano
4408	Ano
4409	Ano
4410	Ano
4411	Ano
4412	Ano
4413	Ano
4414	Ano
4415	Ano
4416	Ano
4417	Ano
4418	Ano
4419	Ano
4420	Ano
4421	Ano
4422	Ano
4423	Ano
4424	Ano
4425	Ano
4426	Ano
4427	Ano
4428	Ano
4429	Ano
4430	Ano
4431	Ano
4432	Ano
4433	Ano
4434	Ano
4435	Ano
4436	Ano
4437	Ano
4438	Ano
4439	Ano
4440	Ano
4441	Ano
4442	Ano
4443	Ano
4444	Ano
4445	Ano
4446	Ano
4447	Ano
4448	Ano
4449	Ano
4450	Ano
4451	Ano
4452	Ano
4453	Ano
4454	Ano
4455	Ano
4456	Ano
4457	Ano
4458	Ano
4459	Ano
4460	Ano
4461	Ano
4462	Ano
4463	Ano
4464	Ano
4465	Ano
4466	Ano
4467	Ano
4468	Ano
4469	Ano
4470	Ano
4471	Ano
4472	Ano
4473	Ano
4474	Ano
4475	Ano
4476	Ano
4477	Ano
4478	Ano
4479	Ano
4480	Ano
4481	Ano
4482	Ano
4483	Ano
4484	Ano
4485	Ano
4486	Ano
4487	Ano
4488	Ano
4489	Ano
4490	Ano
4491	Ano
4492	Ano
4493	Ano
4494	Ano
4495	Ano
4496	Ano
4497	Ano
4498	Ano
4499	Ano
4500	Ano
4501	Ano
4502	Ano
4503	Ano
4504	Ano
4505	Ano
4506	Ano
4507	Ano
4508	Ano
4509	Ano
4510	Ano
4511	Ano
4512	Ano
4513	Ano
4514	Ano
4515	Ano
4516	Ano
4517	Ano
4518	Ano
4519	Ano
4520	Ano
4521	Ano
4522	Ano
4523	Ano
4524	Ano
4525	Ano
4526	Ano
4527	Ano
4528	Ano
4529	Ano
4530	Ano
4531	Ano
4532	Ano
4533	Ano
4534	Ano
4535	Ano
4536	Ano
4537	Ano
4538	Ano
4539	Ano
4540	Ano
4541	Ano
4542	Ano
4543	Ano
4544	Ano
4545	Ano
4546	Ano
4547	Ano
4548	Ano
4549	Ano
4550	Ano
4551	Ano
4552	Ano
4553	Ano
4554	Ano
4555	Ano
4556	Ano
4557	Ano
4558	Ano
4559	Ano
4560	Ano
4561	Ano
4562	Ano
4563	Ano
4564	Ano
4565	Ano
4566	Ano
4567	Ano
4568	Ano
4569	Ano
4570	Ano
4571	Ano
4572	Ano
4573	Ano
4574	Ano
4575	Ano
4576	Ano
4577	Ano
4578	Ano
4579	Ano
4580	Ano
4581	Ano
4582	Ano
4583	Ano
4586	Ano
4587	Ano
4588	Ano
4589	Ano
4590	Ano
4591	Ano
4592	Ano
4593	Ano
4594	Ano
4595	Ano
4596	Ano
4597	Ano
4598	Ano
4599	Ano
4600	Ano
4601	Ano
4602	Ano
4603	Ano
4604	Ano
4605	Ano
4606	Ano
4607	Ano
4608	Ano
4609	Ano
4610	Ano
4611	Ano
4612	Ano
4613	Ano
4614	Ano
4615	Ano
4616	Ano
4617	Ano
4618	Ano
4619	Ano
4620	Ano
4621	Ano
4622	Ano
4624	Ano
4625	Ano
4626	Ano
4627	Ano
4628	Ano
4629	Ano
4630	Ano
4631	Ano
4632	Ano
4633	Ano
4634	Ano
4635	Ano
4636	Ano
4637	Ano
4638	Ano
4639	Ano
4640	Ano
4642	Ano
4643	Ano
4644	Ano
4645	Ano
4646	Ano
4647	Ano
4648	Ano
4649	Ano
4650	Ano
4651	Ano
4652	Ano
4653	Ano
4654	Ano
4656	Ano
4657	Ano
4658	Ano
4659	Ano
4660	Ano
4661	Ano
4662	Ano
4663	Ano
4664	Ano
4665	Ano
4666	Ano
4667	Ano
4668	Ano
4669	Ano
4670	Ano
4671	Ano
4672	Ano
4673	Ano
4674	Ano
4675	Ano
4676	Ano
4677	Ano
4678	Ano
4679	Ano
4680	Ano
4681	Ano
4682	Ano
4683	Ano
4684	Ano
4685	Ano
4686	Ano
4688	Ano
4689	Ano
4690	Ano
4691	Ano
4692	Ano
4694	Ano
4695	Ano
4696	Ano
4697	Ano
4698	Ano
4699	Ano
4700	Ano
4703	Ano
4704	Ano
4705	Ano
4706	Ano
4707	Ano
4708	Ano
4709	Ano
4710	Ano
4711	Ano
4712	Ano
4714	Ano
4716	Ano
4717	Ano
4718	Ano
4719	Ano
4720	Ano
4721	Ano
4722	Ano
4723	Ano
4724	Ano
4725	Ano
4726	Ano
4727	Ano
4728	Ano
4729	Ano
4730	Ano
4731	Ano
4733	Ano
4734	Ano
4737	Ano
4738	Ano
4739	Ano
4740	Ano
4741	Ano
4742	Ano
4744	Ano
4745	Ano
4746	Ano
4747	Ano
4748	Ano
4749	Ano
4750	Ano
4751	Ano
4752	Ano
4753	Ano
4754	Ano
4755	Sexênio
4756	Ano
4757	Ano
4758	Ano
4759	Ano
4760	Ano
4761	Ano
4762	Ano
4763	Ano
4764	Ano
4765	Ano
4766	Ano
4767	Ano
4769	Ano
4770	Ano
4771	Ano
4772	Ano
4773	Ano
4774	Ano
4775	Ano
4776	Ano
4777	Ano
4778	Ano
4779	Ano
4780	Ano
4781	Ano
4788	Ano
4789	Ano
4790	Ano
4791	Ano
4792	Ano
4793	Ano
4794	Ano
4795	Ano
4796	Ano
4797	Ano
4798	Ano
4799	Ano
4800	Ano
4801	Ano
4802	Ano
4803	Ano
4813	Ano
4818	Ano
4820	Ano
4821	Ano
4822	Ano
4823	Ano
4824	Ano
4825	Ano
4826	Ano
4827	Ano
4828	Ano
4829	Ano
4830	Ano
4831	Ano
4832	Ano
4833	Ano
4834	Ano
4835	Ano
4836	Ano
4837	Ano
4838	Ano
4839	Ano
4840	Ano
4841	Ano
4842	Ano
4843	Ano
4844	Ano
4845	Ano
4846	Ano
4847	Ano
4848	Ano
4849	Ano
4850	Ano
4851	Ano
4852	Ano
4853	Ano
4854	Ano
4855	Ano
4856	Ano
4857	Ano
4858	Ano
4859	Ano
4860	Ano
4861	Ano
4862	Ano
4863	Ano
4864	Ano
4865	Ano
4866	Ano
4867	Ano
4868	Ano
4869	Ano
4870	Ano
4871	Ano
4872	Ano
4873	Ano
4874	Ano
4875	Ano
4876	Ano
4877	Ano
4878	Ano
4879	Ano
4880	Ano
4881	Ano
4882	Ano
4883	Ano
4884	Ano
4885	Ano
4886	Ano
4887	Ano
4888	Ano
4889	Ano
4890	Ano
4891	Ano
4892	Ano
4893	Ano
4894	Ano
4895	Ano
4896	Ano
4897	Ano
4898	Ano
4899	Ano
4900	Ano
4901	Ano
4902	Ano
4903	Ano
4904	Ano
4905	Ano
4906	Ano
4907	Ano
4908	Ano
4909	Ano
4910	Ano
4911	Ano
4912	Ano
4913	Ano
4914	Ano
4915	Ano
4916	Ano
4917	Ano
4918	Ano
4919	Ano
4920	Ano
4921	Ano
4922	Ano
4923	Ano
4924	Ano
4925	Ano
4926	Ano
4927	Ano
4928	Ano
4929	Ano
4930	Ano
4931	Ano
4932	Ano
4933	Ano
4934	Ano
4935	Ano
4936	Ano
4937	Ano
4938	Ano
4939	Ano
4940	Ano
4941	Ano
4942	Ano
4943	Ano
4944	Ano
4945	Ano
4946	Ano
4947	Ano
4948	Ano
4949	Ano
4950	Ano
4951	Ano
4952	Ano
4953	Ano
4954	Ano
4955	Ano
4956	Ano
4957	Ano
4958	Ano
4959	Ano
4960	Ano
4961	Ano
4962	Ano
4963	Ano
4964	Ano
4965	Ano
4966	Ano
4967	Ano
4968	Ano
4969	Ano
4970	Ano
4971	Ano
4972	Ano
4973	Ano
4974	Ano
4975	Ano
4976	Ano
4977	Ano
4978	Ano
4979	Ano
4980	Ano
4981	Ano
4982	Ano
4983	Ano
4984	Ano
4985	Ano
4986	Ano
4987	Ano
4988	Ano
4989	Ano
4990	Ano
4991	Ano
4992	Ano
4993	Ano
4994	Ano
4995	Ano
4996	Ano
4997	Ano
4998	Ano
4999	Ano
5000	Ano
5001	Ano
5002	Ano
5003	Ano
5004	Ano
5005	Ano
5006	Ano
5007	Ano
5008	Ano
5009	Ano
5010	Ano
5011	Ano
5012	Ano
5013	Ano
5014	Ano
5015	Ano
5016	Ano
5017	Ano
5018	Ano
5019	Ano
5020	Ano
5021	Ano
5022	Ano
5023	Ano
5024	Ano
5025	Ano
5026	Ano
5027	Ano
5028	Ano
5029	Ano
5030	Ano
5031	Ano
5032	Ano
5033	Ano
5034	Ano
5035	Ano
5036	Ano
5037	Ano
5038	Ano
5039	Ano
5040	Ano
5041	Ano
5042	Ano
5043	Ano
5044	Ano
5045	Ano
5046	Ano
5047	Ano
5048	Ano
5049	Ano
5050	Ano
5051	Ano
5052	Ano
5053	Ano
5054	Ano
5055	Ano
5056	Ano
5057	Ano
5058	Ano
5059	Ano
5060	Ano
5061	Ano
5062	Ano
5063	Ano
5064	Ano
5065	Ano
5066	Ano
5067	Ano
5068	Ano
5069	Ano
5070	Ano
5071	Ano
5072	Ano
5073	Ano
5074	Ano
5075	Ano
5076	Ano
5077	Ano
5078	Ano
5079	Ano
5080	Ano
5081	Ano
5082	Ano
5083	Ano
5084	Ano
5085	Ano
5086	Ano
5087	Ano
5088	Ano
5089	Ano
5090	Ano
5091	Ano
5092	Ano
5093	Ano
5094	Ano
5095	Ano
5096	Ano
5097	Ano
5098	Ano
5099	Ano
5100	Ano
5101	Ano
5102	Ano
5103	Ano
5104	Ano
5105	Ano
5106	Ano
5107	Ano
5108	Ano
5109	Ano
5110	Ano
5111	Ano
5112	Ano
5113	Ano
5114	Ano
5115	Ano
5116	Ano
5117	Ano
5118	Ano
5119	Ano
5120	Ano
5121	Ano
5122	Ano
5123	Ano
5124	Ano
5125	Ano
5126	Ano
5127	Ano
5128	Ano
5129	Ano
5130	Ano
5131	Ano
5132	Ano
5133	Ano
5134	Ano
5135	Ano
5136	Ano
5137	Ano
5138	Ano
5139	Ano
5140	Ano
5141	Ano
5142	Ano
5143	Ano
5144	Ano
5145	Ano
5146	Ano
5147	Ano
5148	Ano
5149	Ano
5150	Ano
5151	Ano
5152	Ano
5153	Ano
5154	Ano
5155	Ano
5156	Ano
5157	Ano
5158	Ano
5159	Ano
5160	Ano
5161	Ano
5162	Ano
5163	Ano
5164	Ano
5165	Ano
5166	Ano
5167	Ano
5168	Ano
5169	Ano
5170	Ano
5171	Ano
5172	Ano
5173	Ano
5174	Ano
5175	Ano
5176	Ano
5177	Ano
5178	Ano
5179	Ano
5180	Ano
5181	Ano
5182	Ano
5183	Ano
5184	Ano
5185	Ano
5186	Ano
5187	Ano
5188	Ano
5189	Ano
5190	Ano
5191	Ano
5192	Ano
5193	Ano
5194	Ano
5195	Ano
5196	Ano
5197	Ano
5198	Ano
5199	Ano
5200	Ano
5201	Ano
5202	Ano
5203	Ano
5204	Ano
5205	Ano
5206	Ano
5207	Ano
5208	Ano
5209	Ano
5210	Ano
5211	Ano
5212	Ano
5213	Ano
5214	Ano
5215	Ano
5216	Ano
5217	Ano
5218	Ano
5219	Ano
5220	Ano
5221	Ano
5222	Ano
5223	Ano
5224	Ano
5225	Ano
5226	Ano
5227	Ano
5228	Ano
5229	Ano
5230	Ano
5231	Ano
5232	Ano
5233	Ano
5234	Ano
5235	Ano
5236	Ano
5237	Ano
5238	Ano
5239	Ano
5240	Ano
5241	Ano
5242	Ano
5243	Ano
5244	Ano
5245	Ano
5246	Ano
5247	Ano
5248	Ano
5249	Ano
5250	Ano
5251	Ano
5252	Ano
5253	Ano
5254	Ano
5255	Ano
5256	Ano
5257	Ano
5258	Ano
5259	Ano
5260	Ano
5261	Ano
5262	Ano
5263	Ano
5264	Ano
5265	Ano
5266	Ano
5267	Ano
5268	Ano
5269	Ano
5270	Ano
5271	Ano
5272	Ano
5273	Ano
5274	Ano
5275	Ano
5276	Ano
5277	Ano
5278	Ano
5279	Ano
5280	Ano
5281	Ano
5282	Ano
5283	Ano
5284	Ano
5285	Ano
5286	Ano
5287	Ano
5288	Ano
5289	Ano
5290	Ano
5291	Ano
5292	Ano
5293	Ano
5294	Ano
5295	Ano
5296	Ano
5297	Ano
5298	Ano
5299	Ano
5300	Ano
5301	Ano
5302	Ano
5303	Ano
5304	Ano
5305	Ano
5306	Ano
5307	Ano
5308	Ano
5309	Ano
5310	Ano
5311	Ano
5312	Ano
5313	Ano
5314	Ano
5315	Ano
5316	Ano
5317	Ano
5318	Ano
5319	Ano
5320	Ano
5321	Ano
5322	Ano
5323	Ano
5324	Ano
5325	Ano
5326	Ano
5327	Ano
5328	Ano
5329	Ano
5330	Ano
5331	Ano
5332	Ano
5333	Ano
5334	Ano
5335	Ano
5336	Ano
5337	Ano
5338	Ano
5339	Ano
5340	Ano
5341	Ano
5342	Ano
5343	Ano
5344	Ano
5345	Ano
5346	Ano
5347	Ano
5348	Ano
5349	Ano
5350	Ano
5351	Ano
5352	Ano
5353	Ano
5354	Ano
5355	Ano
5356	Ano
5357	Ano
5358	Ano
5359	Ano
5360	Ano
5361	Ano
5362	Ano
5363	Ano
5364	Ano
5365	Ano
5366	Ano
5367	Ano
5368	Ano
5369	Ano
5370	Ano
5371	Ano
5372	Ano
5373	Ano
5374	Ano
5375	Ano
5376	Ano
5377	Ano
5378	Ano
5379	Ano
5380	Ano
5381	Ano
5382	Ano
5383	Ano
5384	Ano
5385	Ano
5386	Ano
5387	Ano
5388	Ano
5389	Ano
5390	Ano
5391	Ano
5392	Ano
5393	Ano
5394	Ano
5395	Ano
5396	Ano
5397	Ano
5398	Ano
5399	Ano
5400	Ano
5401	Ano
5402	Ano
5403	Ano
5404	Ano
5405	Ano
5406	Ano
5407	Ano
5408	Ano
5409	Ano
5410	Ano
5411	Ano
5412	Ano
5413	Ano
5414	Ano
5415	Ano
5416	Ano
5417	Ano
5418	Ano
5419	Ano
5420	Ano
5421	Ano
5422	Ano
5423	Ano
5424	Ano
5425	Ano
5426	Ano
5427	Ano
5428	Ano
5434	Trimestre
5435	Trimestre
5436	Trimestre
5437	Trimestre
5438	Trimestre
5439	Trimestre
5440	Trimestre
5442	Trimestre
5444	Trimestre
5445	Ano
5446	Ano
5447	Ano
5448	Ano
5449	Ano
5450	Ano
5451	Ano
5452	Ano
5453	Ano
5454	Ano
5455	Ano
5456	Ano
5457	Ano
5458	Ano
5459	Semestre
5460	Ano
5461	Ano
5463	Ano
5464	Ano
5465	Ano
5466	Ano
5467	Ano
5468	Ano
5469	Ano
5470	Semestre
5471	Ano
5472	Ano
5473	Ano
5474	Ano
5475	Ano
5476	Ano
5477	Ano
5478	Ano
5479	Ano
5480	Ano
5481	Ano
5482	Ano
5483	Ano
5484	Ano
5485	Ano
5486	Ano
5487	Ano
5488	Ano
5489	Ano
5490	Ano
5491	Ano
5492	Ano
5493	Ano
5494	Ano
5495	Ano
5496	Ano
5497	Ano
5498	Ano
5499	Ano
5500	Ano
5501	Ano
5502	Ano
5503	Ano
5504	Ano
5505	Ano
5506	Ano
5507	Ano
5508	Ano
5509	Ano
5510	Ano
5511	Ano
5512	Ano
5513	Ano
5514	Ano
5515	Ano
5516	Ano
5517	Ano
5518	Ano
5519	Ano
5520	Ano
5521	Ano
5522	Ano
5523	Ano
5524	Ano
5525	Ano
5526	Ano
5527	Ano
5528	Ano
5529	Ano
5530	Ano
5531	Ano
5532	Ano
5533	Ano
5534	Ano
5535	Ano
5536	Ano
5537	Ano
5538	Ano
5539	Ano
5540	Ano
5541	Ano
5542	Ano
5543	Ano
5544	Ano
5545	Ano
5546	Ano
5547	Ano
5548	Ano
5549	Ano
5550	Ano
5551	Ano
5552	Ano
5553	Ano
5554	Ano
5555	Ano
5556	Ano
5557	Ano
5558	Ano
5559	Ano
5560	Ano
5561	Ano
5562	Ano
5563	Ano
5564	Ano
5565	Ano
5566	Ano
5567	Ano
5568	Ano
5569	Ano
5570	Ano
5571	Ano
5572	Ano
5573	Ano
5574	Ano
5575	Ano
5576	Ano
5577	Ano
5578	Ano
5579	Ano
5580	Ano
5582	Ano
5583	Ano
5584	Ano
5585	Ano
5586	Ano
5587	Ano
5588	Ano
5589	Ano
5590	Ano
5591	Ano
5592	Ano
5593	Ano
5594	Ano
5595	Ano
5596	Ano
5597	Ano
5598	Ano
5599	Ano
5600	Ano
5601	Ano
5602	Ano
5603	Ano
5604	Ano
5606	Trimestre
5607	Ano
5608	Ano
5609	Ano
5610	Ano
5611	Ano
5612	Ano
5613	Ano
5614	Ano
5615	Ano
5617	Ano
5618	Ano
5619	Ano
5620	Ano
5621	Ano
5622	Ano
5623	Ano
5624	Ano
5625	Ano
5626	Ano
5627	Ano
5628	Ano
5629	Ano
5642	Ano
5643	Ano
5644	Ano
5645	Ano
5646	Ano
5647	Ano
5648	Ano
5649	Ano
5650	Ano
5651	Ano
5652	Ano
5653	Ano
5654	Ano
5655	Ano
5656	Ano
5657	Ano
5658	Ano
5659	Ano
5660	Ano
5661	Ano
5662	Ano
5663	Ano
5664	Ano
5665	Ano
5666	Ano
5667	Ano
5668	Ano
5669	Ano
5670	Ano
5671	Ano
5672	Ano
5673	Ano
5674	Ano
5675	Ano
5676	Ano
5677	Ano
5678	Ano
5679	Ano
5680	Ano
5681	Ano
5682	Ano
5683	Ano
5684	Ano
5685	Ano
5686	Ano
5687	Ano
5688	Ano
5689	Ano
5690	Ano
5691	Ano
5692	Ano
5693	Ano
5694	Ano
5695	Ano
5696	Ano
5697	Ano
5698	Ano
5699	Ano
5700	Ano
5701	Ano
5702	Ano
5703	Ano
5704	Ano
5705	Ano
5706	Ano
5707	Ano
5708	Ano
5709	Ano
5710	Ano
5711	Ano
5712	Ano
5713	Ano
5714	Ano
5715	Ano
5716	Ano
5717	Ano
5718	Ano
5719	Ano
5720	Ano
5721	Ano
5722	Ano
5723	Ano
5724	Ano
5725	Ano
5726	Ano
5727	Ano
5728	Ano
5729	Ano
5730	Ano
5731	Ano
5732	Ano
5733	Ano
5734	Ano
5735	Ano
5736	Ano
5737	Ano
5738	Ano
5739	Ano
5740	Ano
5741	Ano
5742	Ano
5743	Ano
5744	Ano
5745	Ano
5746	Ano
5747	Ano
5748	Ano
5749	Ano
5750	Ano
5751	Ano
5752	Ano
5753	Ano
5754	Ano
5755	Ano
5756	Ano
5757	Ano
5758	Ano
5759	Ano
5760	Ano
5761	Ano
5762	Ano
5763	Ano
5764	Ano
5765	Ano
5766	Ano
5767	Ano
5768	Ano
5769	Ano
5770	Ano
5771	Ano
5772	Ano
5773	Ano
5774	Ano
5775	Ano
5776	Ano
5777	Ano
5778	Ano
5779	Ano
5780	Ano
5781	Ano
5782	Ano
5783	Ano
5784	Ano
5785	Ano
5787	Ano
5788	Ano
5789	Ano
5790	Ano
5791	Ano
5792	Ano
5793	Ano
5794	Ano
5795	Ano
5796	Mês
5797	Ano
5798	Ano
5799	Ano
5800	Mês
5801	Ano
5802	Ano
5803	Ano
5804	Ano
5805	Ano
5806	Ano
5807	Ano
5808	Ano
5809	Ano
5810	Ano
5811	Ano
5812	Ano
5813	Ano
5814	Ano
5815	Ano
5816	Ano
5817	Ano
5818	Ano
5819	Ano
5820	Ano
5821	Ano
5822	Ano
5823	Ano
5824	Ano
5825	Ano
5826	Ano
5827	Ano
5828	Ano
5829	Ano
5830	Ano
5831	Ano
5832	Ano
5833	Ano
5834	Ano
5835	Ano
5836	Ano
5837	Ano
5838	Ano
5839	Ano
5840	Ano
5841	Ano
5842	Ano
5843	Ano
5844	Ano
5845	Ano
5846	Ano
5847	Ano
5848	Ano
5849	Ano
5850	Ano
5851	Ano
5852	Ano
5853	Ano
5854	Ano
5855	Ano
5856	Ano
5857	Ano
5858	Ano
5859	Ano
5860	Ano
5861	Ano
5862	Ano
5863	Ano
5864	Ano
5865	Ano
5866	Ano
5867	Ano
5868	Ano
5869	Ano
5870	Ano
5871	Ano
5872	Ano
5873	Ano
5874	Ano
5875	Ano
5876	Ano
5877	Ano
5878	Ano
5879	Ano
5881	Ano
5882	Ano
5884	Ano
5885	Ano
5886	Ano
5887	Ano
5888	Ano
5889	Ano
5890	Ano
5891	Ano
5892	Ano
5893	Ano
5894	Ano
5895	Ano
5896	Ano
5897	Ano
5898	Ano
5899	Ano
5900	Ano
5901	Ano
5902	Ano
5903	Ano
5904	Ano
5905	Ano
5906	Mês
5907	Ano
5908	Ano
5909	Ano
5910	Ano
5911	Ano
5913	Ano
5914	Ano
5915	Ano
5916	Ano
5917	Trimestre
5918	Trimestre
5919	Trimestre
5920	Ano
5921	Ano
5922	Ano
5923	Ano
5924	Ano
5925	Ano
5926	Ano
5927	Ano
5928	Ano
5929	Ano
5930	Ano
5932	Trimestre
5933	Ano
5934	Ano
5935	Ano
5936	Ano
5937	Ano
5938	Ano
5939	Ano
5940	Ano
5941	Ano
5942	Ano
5943	Ano
5944	Trimestre Móvel
5945	Ano
5946	Ano
5947	Trimestre
5948	Ano
5949	Ano
5950	Ano
5951	Ano
5952	Ano
5953	Ano
5954	Ano
5955	Ano
5957	Ano
5958	Ano
5959	Ano
5960	Ano
5961	Ano
5963	Ano
5964	Ano
5965	Ano
5967	Ano
5968	Ano
5969	Ano
5970	Ano
5971	Ano
5972	Ano
5973	Ano
5974	Ano
5975	Ano
5976	Ano
5977	Ano
5978	Ano
5979	Ano
5980	Ano
5981	Ano
5982	Ano
5984	Ano
5985	Ano
5986	Ano
5987	Ano
5988	Ano
5989	Ano
5993	Ano
5994	Ano
5995	Ano
5996	Ano
5997	Ano
5998	Ano
5999	Ano
6000	Ano
6001	Ano
6002	Ano
6005	Ano
6006	Ano
6007	Ano
6009	Ano
6010	Ano
6011	Ano
6013	Ano
6014	Ano
6015	Ano
6016	Ano
6017	Ano
6018	Ano
6019	Ano
6021	Ano
6022	Trimestre Móvel
6023	Ano
6024	Ano
6026	Ano
6028	Ano
6029	Ano
6030	Ano
6032	Ano
6033	Ano
6034	Ano
6035	Ano
6036	Ano
6037	Ano
6040	Ano
6043	Ano
6044	Ano
6045	Ano
6046	Ano
6047	Ano
6049	Ano
6050	Ano
6051	Ano
6053	Ano
6054	Ano
6056	Ano
6057	Ano
6058	Ano
6059	Ano
6060	Ano
6061	Ano
6062	Ano
6063	Ano
6064	Ano
6065	Ano
6066	Ano
6067	Ano
6068	Ano
6069	Ano
6070	Ano
6071	Ano
6072	Ano
6073	Ano
6074	Ano
6075	Ano
6076	Ano
6077	Ano
6078	Ano
6079	Ano
6082	Ano
6083	Ano
6084	Ano
6085	Ano
6086	Ano
6087	Ano
6088	Ano
6089	Ano
6090	Ano
6091	Ano
6092	Ano
6093	Ano
6094	Ano
6095	Ano
6097	Ano
6098	Ano
6099	Ano
6100	Ano
6101	Ano
6102	Ano
6103	Ano
6104	Ano
6105	Ano
6106	Ano
6107	Ano
6108	Ano
6109	Ano
6110	Ano
6111	Ano
6112	Ano
6113	Ano
6114	Ano
6115	Ano
6116	Ano
6117	Ano
6119	Ano
6120	Ano
6121	Ano
6122	Ano
6123	Ano
6124	Ano
6125	Ano
6126	Ano
6127	Ano
6129	Ano
6168	Ano
6169	Ano
6171	Ano
6172	Ano
6173	Ano
6174	Ano
6175	Ano
6176	Ano
6177	Ano
6178	Ano
6179	Ano
6180	Ano
6181	Ano
6182	Ano
6183	Ano
6184	Ano
6185	Ano
6187	Ano
6188	Ano
6189	Ano
6191	Ano
6192	Ano
6193	Ano
6194	Ano
6195	Ano
6196	Ano
6201	Ano
6202	Ano
6203	Ano
6207	Ano
6208	Ano
6216	Ano
6217	Ano
6218	Ano
6219	Ano
6220	Ano
6221	Ano
6222	Ano
6224	Ano
6225	Ano
6226	Ano
6227	Ano
6228	Ano
6230	Ano
6231	Ano
6232	Ano
6235	Ano
6236	Ano
6237	Ano
6238	Ano
6239	Ano
6240	Ano
6241	Ano
6242	Ano
6243	Ano
6244	Ano
6247	Ano
6249	Ano
6250	Ano
6251	Ano
6252	Ano
6253	Ano
6254	Ano
6255	Ano
6256	Ano
6257	Ano
6258	Ano
6259	Ano
6260	Ano
6261	Ano
6262	Ano
6263	Ano
6264	Ano
6265	Ano
6266	Ano
6267	Ano
6268	Ano
6269	Ano
6270	Ano
6271	Ano
6272	Ano
6273	Ano
6274	Ano
6275	Ano
6276	Ano
6277	Ano
6278	Ano
6279	Ano
6280	Ano
6281	Ano
6282	Ano
6283	Ano
6284	Ano
6285	Ano
6292	Ano
6293	Ano
6294	Ano
6295	Ano
6296	Ano
6297	Ano
6298	Ano
6299	Ano
6300	Ano
6301	Ano
6307	Ano
6308	Ano
6315	Ano
6318	Trimestre Móvel
6320	Trimestre Móvel
6323	Trimestre Móvel
6325	Ano
6326	Ano
6327	Ano
6328	Ano
6329	Ano
6330	Ano
6331	Ano
6332	Ano
6333	Ano
6334	Ano
6335	Ano
6336	Ano
6337	Ano
6338	Ano
6339	Ano
6340	Ano
6341	Ano
6342	Ano
6343	Ano
6344	Ano
6345	Ano
6346	Ano
6347	Ano
6348	Ano
6352	Ano
6353	Ano
6354	Ano
6355	Ano
6356	Ano
6357	Ano
6358	Ano
6359	Ano
6360	Ano
6361	Ano
6362	Ano
6363	Ano
6364	Ano
6366	Ano
6367	Ano
6368	Ano
6369	Ano
6370	Ano
6371	Trimestre
6372	Trimestre
6373	Trimestre
6374	Trimestre
6375	Ano
6376	Ano
6377	Ano
6378	Ano
6379	Trimestre Móvel
6380	Trimestre Móvel
6381	Trimestre Móvel
6382	Trimestre
6383	Trimestre
6384	Trimestre
6385	Trimestre
6386	Trimestre
6387	Trimestre Móvel
6388	Trimestre Móvel
6389	Trimestre Móvel
6390	Trimestre Móvel
6391	Trimestre Móvel
6392	Trimestre Móvel
6393	Trimestre Móvel
6394	Ano
6396	Trimestre
6397	Trimestre
6398	Trimestre
6399	Trimestre
6400	Ano
6402	Trimestre
6403	Trimestre
6405	Trimestre
6406	Trimestre
6407	Ano
6408	Ano
6409	Ano
6410	Ano
6411	Ano
6412	Ano
6413	Ano
6414	Ano
6415	Ano
6421	Trimestre
6431	Ano
6432	Ano
6433	Ano
6434	Ano
6435	Ano
6436	Ano
6437	Ano
6438	Trimestre Móvel
6439	Trimestre Móvel
6440	Trimestre Móvel
6441	Trimestre Móvel
6442	Mês
6443	Mês
6444	Mês
6445	Mês
6446	Ano
6447	Ano
6448	Ano
6449	Ano
6450	Ano
6451	Mês
6452	Mês
6453	Mês
6454	Mês
6455	Mês
6456	Mês
6457	Ano
6458	Ano
6459	Trimestre
6460	Trimestre
6461	Trimestre
6462	Trimestre
6463	Trimestre
6464	Trimestre
6465	Trimestre
6466	Trimestre
6467	Trimestre
6468	Trimestre
6469	Trimestre
6470	Trimestre
6471	Trimestre
6472	Trimestre
6473	Trimestre
6474	Trimestre
6475	Trimestre
6476	Ano
6477	Ano
6478	Ano
6479	Ano
6480	Ano
6481	Ano
6482	Trimestre
6483	Trimestre
6484	Trimestre
6485	Trimestre
6486	Ano
6487	Ano
6488	Ano
6489	Ano
6490	Ano
6491	Ano
6492	Ano
6493	Ano
6494	Ano
6495	Ano
6496	Ano
6497	Ano
6498	Ano
6499	Ano
6500	Ano
6501	Ano
6517	Ano
6518	Ano
6519	Ano
6520	Ano
6578	Ano
6579	Ano
6585	Ano
6586	Mês
6587	Ano
6588	Mês
6589	Ano
6590	Biênio
6592	Ano
6593	Ano
6595	Ano
6596	Ano
6597	Ano
6598	Ano
6599	Ano
6600	Ano
6601	Ano
6602	Ano
6603	Ano
6604	Ano
6605	Ano
6606	Ano
6607	Mês
6608	Ano
6609	Ano
6610	Ano
6611	Ano
6612	Trimestre
6613	Trimestre
6614	Ano
6662	Mês
6663	Mês
6664	Ano
6665	Ano
6666	Ano
6667	Ano
6668	Ano
6669	Trimestre
6670	Trimestre
6671	Trimestre
6672	Trimestre
6673	Ano
6674	Ano
6675	Ano
6676	Ano
6677	Ano
6678	Ano
6681	Ano
6682	Ano
6683	Ano
6684	Ano
6685	Ano
6686	Ano
6687	Ano
6688	Ano
6689	Ano
6690	Ano
6691	Mês
6692	Ano
6693	Ano
6694	Ano
6695	Ano
6696	Ano
6697	Ano
6698	Ano
6699	Biênio
6701	Ano
6703	Ano
6705	Ano
6706	Ano
6715	Ano
6723	Mês
6724	Ano
6725	Ano
6726	Trimestre
6727	Trimestre
6729	Ano
6731	Ano
6732	Ano
6733	Ano
6734	Ano
6735	Ano
6736	Ano
6737	Ano
6738	Ano
6739	Ano
6740	Ano
6741	Ano
6743	Ano
6744	Ano
6745	Ano
6746	Ano
6748	Ano
6749	Ano
6753	Ano
6754	Ano
6755	Ano
6756	Ano
6757	Ano
6758	Ano
6759	Ano
6760	Ano
6761	Ano
6762	Ano
6768	Ano
6769	Ano
6770	Ano
6771	Ano
6772	Ano
6773	Ano
6774	Ano
6775	Ano
6776	Ano
6777	Ano
6778	Ano
6779	Ano
6780	Ano
6781	Ano
6784	Ano
6785	Trimestre Móvel
6786	Ano
6788	Ano
6793	Ano
6794	Ano
6795	Ano
6803	Ano
6804	Ano
6805	Ano
6806	Ano
6807	Trimestre Móvel
6808	Trimestre
6809	Ano
6810	Ano
6811	Ano
6812	Ano
6813	Trimestre
6814	Ano
6815	Ano
6816	Ano
6817	Ano
6818	Ano
6819	Ano
6820	Ano
6821	Ano
6822	Ano
6823	Ano
6824	Ano
6825	Ano
6826	Ano
6827	Ano
6829	Trimestre
6830	Trimestre
6831	Trimestre
6832	Trimestre
6833	Ano
6834	Ano
6835	Ano
6836	Ano
6837	Ano
6838	Ano
6839	Ano
6840	Ano
6842	Ano
6843	Ano
6844	Ano
6845	Ano
6846	Ano
6847	Ano
6848	Ano
6849	Ano
6850	Ano
6851	Ano
6852	Ano
6853	Ano
6854	Ano
6855	Ano
6856	Ano
6857	Ano
6858	Ano
6859	Ano
6860	Ano
6861	Ano
6863	Ano
6864	Ano
6865	Ano
6866	Ano
6867	Ano
6868	Ano
6869	Ano
6870	Ano
6871	Ano
6872	Ano
6873	Ano
6874	Ano
6875	Ano
6876	Ano
6877	Ano
6878	Ano
6879	Ano
6880	Ano
6881	Ano
6882	Ano
6883	Ano
6884	Ano
6885	Ano
6886	Ano
6887	Ano
6888	Ano
6889	Ano
6890	Ano
6891	Ano
6892	Ano
6893	Ano
6894	Ano
6895	Ano
6896	Ano
6897	Ano
6898	Ano
6899	Ano
6900	Ano
6901	Ano
6902	Ano
6903	Mês
6904	Mês
6905	Ano
6906	Ano
6907	Ano
6908	Ano
6909	Ano
6910	Ano
6911	Ano
6912	Ano
6913	Ano
6914	Ano
6915	Ano
6916	Ano
6917	Ano
6918	Ano
6919	Ano
6920	Ano
6921	Ano
6922	Ano
6923	Ano
6924	Ano
6925	Ano
6926	Ano
6927	Ano
6928	Ano
6929	Ano
6930	Ano
6931	Ano
6932	Ano
6933	Ano
6934	Ano
6935	Ano
6936	Ano
6937	Ano
6938	Ano
6939	Ano
6940	Ano
6941	Ano
6942	Ano
6943	Ano
6944	Ano
6945	Ano
6946	Ano
6947	Ano
6948	Ano
6949	Ano
6950	Ano
6951	Ano
6952	Ano
6953	Ano
6954	Ano
6955	Ano
6956	Ano
6957	Ano
6958	Ano
6959	Ano
6960	Ano
6961	Ano
6962	Ano
6963	Ano
6964	Ano
6965	Ano
6966	Ano
6967	Ano
6968	Ano
6969	Ano
6970	Ano
6971	Ano
6972	Ano
6973	Ano
6974	Ano
6975	Ano
6976	Ano
6977	Ano
6978	Ano
6979	Ano
6980	Ano
6981	Ano
6982	Ano
6983	Ano
6984	Ano
6985	Ano
6986	Ano
6987	Ano
6988	Ano
6989	Ano
6991	Ano
6992	Ano
6993	Ano
6994	Ano
6995	Ano
6996	Ano
6997	Ano
6998	Ano
6999	Ano
7000	Ano
7001	Ano
7002	Ano
7003	Ano
7004	Ano
7005	Ano
7006	Ano
7007	Ano
7008	Ano
7009	Ano
7010	Ano
7011	Ano
7012	Ano
7013	Ano
7014	Ano
7015	Ano
7016	Ano
7017	Ano
7018	Ano
7019	Ano
7020	Ano
7021	Ano
7022	Ano
7023	Ano
7024	Ano
7025	Ano
7026	Ano
7027	Ano
7028	Ano
7029	Ano
7030	Ano
7031	Ano
7032	Ano
7033	Ano
7034	Ano
7035	Ano
7036	Ano
7037	Ano
7038	Ano
7039	Ano
7040	Ano
7041	Ano
7042	Ano
7044	Ano
7045	Ano
7046	Ano
7047	Ano
7048	Ano
7049	Ano
7050	Ano
7051	Ano
7052	Ano
7053	Ano
7054	Ano
7055	Ano
7056	Ano
7057	Ano
7059	Ano
7060	Mês
7061	Mês
7062	Mês
7063	Mês
7064	Ano
7065	Ano
7066	Ano
7067	Ano
7068	Ano
7069	Ano
7070	Ano
7071	Ano
7072	Ano
7073	Ano
7074	Ano
7075	Ano
7076	Ano
7077	Ano
7078	Ano
7079	Ano
7080	Ano
7081	Ano
7082	Ano
7083	Ano
7084	Ano
7085	Ano
7086	Ano
7087	Ano
7089	Ano
7090	Ano
7092	Ano
7093	Ano
7094	Ano
7095	Ano
7096	Ano
7097	Ano
7098	Ano
7099	Ano
7100	Ano
7101	Ano
7102	Ano
7103	Ano
7104	Ano
7105	Ano
7106	Ano
7107	Ano
7108	Ano
7110	Ano
7111	Ano
7112	Ano
7113	Ano
7125	Ano
7126	Ano
7127	Ano
7128	Ano
7129	Ano
7130	Ano
7131	Ano
7132	Ano
7134	Ano
7135	Ano
7136	Ano
7137	Ano
7138	Ano
7139	Ano
7140	Ano
7141	Ano
7143	Ano
7144	Ano
7145	Ano
7146	Ano
7147	Ano
7148	Ano
7149	Ano
7150	Ano
7151	Ano
7152	Ano
7153	Ano
7154	Ano
7155	Ano
7156	Ano
7157	Ano
7159	Ano
7160	Ano
7161	Ano
7162	Ano
7163	Ano
7164	Ano
7165	Ano
7167	Ano
7168	Ano
7169	Ano
7170	Ano
7171	Ano
7172	Ano
7173	Ano
7174	Ano
7175	Ano
7176	Ano
7177	Ano
7178	Ano
7179	Ano
7180	Ano
7181	Ano
7182	Ano
7183	Ano
7184	Ano
7185	Ano
7186	Ano
7187	Ano
7188	Ano
7189	Ano
7190	Ano
7191	Ano
7192	Ano
7193	Ano
7194	Ano
7195	Ano
7196	Ano
7197	Ano
7198	Ano
7199	Ano
7200	Ano
7201	Ano
7202	Ano
7203	Ano
7204	Ano
7205	Ano
7206	Ano
7207	Ano
7208	Ano
7209	Ano
7210	Ano
7211	Ano
7212	Ano
7213	Ano
7214	Ano
7215	Ano
7216	Ano
7217	Ano
7218	Ano
7219	Ano
7220	Ano
7221	Ano
7222	Ano
7223	Ano
7224	Ano
7225	Ano
7226	Ano
7227	Ano
7228	Ano
7229	Ano
7230	Ano
7231	Ano
7232	Ano
7233	Ano
7234	Ano
7235	Ano
7236	Ano
7237	Ano
7238	Ano
7239	Ano
7241	Ano
7242	Ano
7243	Ano
7244	Ano
7245	Ano
7246	Ano
7247	Ano
7248	Ano
7249	Ano
7250	Ano
7251	Ano
7252	Ano
7253	Ano
7254	Ano
7255	Ano
7256	Ano
7257	Ano
7258	Ano
7259	Ano
7260	Ano
7261	Ano
7262	Ano
7263	Ano
7264	Ano
7265	Ano
7266	Ano
7267	Ano
7269	Ano
7270	Ano
7271	Ano
7272	Ano
7273	Ano
7274	Ano
7275	Ano
7276	Ano
7277	Ano
7278	Ano
7279	Ano
7280	Ano
7281	Ano
7282	Ano
7283	Ano
7284	Ano
7285	Ano
7286	Ano
7287	Ano
7288	Ano
7289	Ano
7290	Ano
7291	Ano
7293	Ano
7294	Ano
7295	Ano
7296	Ano
7297	Ano
7298	Ano
7299	Ano
7300	Ano
7301	Ano
7302	Ano
7303	Ano
7304	Ano
7305	Ano
7306	Ano
7307	Ano
7308	Ano
7309	Ano
7310	Ano
7311	Ano
7312	Ano
7313	Ano
7314	Ano
7315	Ano
7316	Ano
7317	Ano
7318	Ano
7319	Ano
7320	Ano
7321	Ano
7322	Ano
7323	Ano
7324	Ano
7325	Ano
7326	Ano
7327	Ano
7328	Ano
7329	Ano
7330	Ano
7331	Ano
7332	Ano
7333	Ano
7334	Ano
7335	Ano
7336	Ano
7337	Ano
7338	Ano
7339	Ano
7340	Ano
7341	Ano
7342	Ano
7343	Ano
7344	Ano
7345	Ano
7346	Ano
7347	Ano
7348	Ano
7349	Ano
7350	Ano
7351	Ano
7352	Ano
7353	Ano
7354	Ano
7355	Ano
7356	Ano
7357	Ano
7358	Ano
7359	Ano
7360	Ano
7361	Ano
7362	Ano
7363	Ano
7364	Ano
7365	Ano
7366	Ano
7367	Ano
7368	Ano
7369	Ano
7370	Ano
7371	Ano
7372	Ano
7373	Ano
7374	Ano
7375	Ano
7376	Ano
7377	Ano
7378	Ano
7379	Ano
7380	Ano
7381	Ano
7382	Ano
7383	Ano
7384	Ano
7385	Ano
7386	Ano
7387	Ano
7388	Ano
7389	Ano
7390	Ano
7391	Ano
7392	Ano
7393	Ano
7394	Ano
7395	Ano
7396	Ano
7397	Ano
7398	Ano
7399	Ano
7400	Ano
7401	Ano
7402	Ano
7403	Ano
7404	Ano
7405	Ano
7406	Ano
7407	Ano
7408	Ano
7409	Ano
7410	Ano
7411	Ano
7412	Ano
7413	Ano
7414	Ano
7415	Ano
7416	Ano
7417	Ano
7418	Ano
7419	Ano
7420	Ano
7421	Ano
7422	Ano
7423	Ano
7424	Ano
7425	Ano
7426	Ano
7427	Ano
7428	Ano
7429	Ano
7430	Ano
7431	Ano
7432	Ano
7433	Ano
7434	Ano
7435	Ano
7436	Ano
7437	Ano
7438	Ano
7439	Ano
7440	Ano
7441	Ano
7442	Ano
7443	Ano
7444	Ano
7445	Ano
7446	Ano
7447	Ano
7448	Ano
7449	Ano
7450	Ano
7451	Ano
7452	Ano
7453	Ano
7454	Ano
7455	Ano
7456	Ano
7457	Ano
7458	Ano
7459	Ano
7460	Ano
7461	Ano
7462	Ano
7463	Ano
7464	Ano
7465	Ano
7466	Ano
7467	Ano
7468	Ano
7469	Ano
7470	Ano
7471	Ano
7472	Ano
7473	Ano
7474	Ano
7475	Ano
7476	Ano
7477	Ano
7478	Ano
7479	Ano
7480	Ano
7481	Ano
7482	Ano
7483	Ano
7484	Ano
7485	Ano
7487	Ano
7488	Ano
7489	Ano
7490	Ano
7491	Ano
7492	Ano
7493	Ano
7494	Ano
7496	Ano
7497	Ano
7498	Ano
7499	Ano
7500	Ano
7501	Ano
7502	Ano
7503	Ano
7504	Ano
7505	Ano
7506	Ano
7508	Ano
7509	Ano
7510	Ano
7511	Mês
7512	Ano
7513	Ano
7515	Ano
7516	Triênio
7517	Triênio
7518	Triênio
7519	Ano
7520	Ano
7521	Ano
7522	Ano
7524	Trimestre
7525	Ano
7526	Ano
7527	Ano
7528	Ano
7529	Ano
7530	Ano
7531	Ano
7532	Ano
7533	Ano
7534	Ano
7535	Ano
7536	Ano
7537	Ano
7538	Ano
7539	Ano
7540	Ano
7541	Ano
7542	Ano
7543	Ano
7544	Ano
7545	Ano
7546	Ano
7547	Ano
7548	Ano
7549	Ano
7550	Ano
7551	Ano
7552	Ano
7553	Ano
7554	Ano
7555	Ano
7556	Ano
7557	Ano
7558	Ano
7559	Ano
7560	Ano
7561	Ano
7562	Ano
7563	Ano
7564	Ano
7565	Ano
7566	Ano
7567	Ano
7568	Ano
7569	Ano
7570	Ano
7571	Ano
7572	Ano
7573	Ano
7574	Ano
7575	Ano
7576	Ano
7577	Ano
7578	Ano
7579	Ano
7580	Ano
7581	Ano
7582	Ano
7583	Ano
7584	Ano
7586	Ano
7587	Ano
7588	Ano
7589	Ano
7590	Ano
7592	Ano
7593	Ano
7594	Ano
7595	Ano
7596	Ano
7597	Ano
7598	Ano
7600	Ano
7601	Ano
7602	Ano
7603	Ano
7604	Ano
7605	Ano
7606	Ano
7607	Ano
7608	Ano
7609	Ano
7610	Ano
7611	Ano
7612	Ano
7613	Ano
7614	Ano
7616	Ano
7617	Ano
7618	Ano
7619	Ano
7620	Ano
7621	Ano
7622	Ano
7623	Ano
7624	Ano
7625	Ano
7626	Ano
7627	Ano
7628	Ano
7629	Ano
7630	Ano
7631	Ano
7632	Ano
7633	Ano
7634	Ano
7635	Ano
7636	Ano
7637	Ano
7638	Ano
7639	Ano
7640	Ano
7641	Ano
7642	Ano
7643	Ano
7644	Ano
7645	Ano
7646	Ano
7647	Ano
7648	Ano
7649	Ano
7650	Ano
7654	Ano
7655	Ano
7656	Ano
7657	Ano
7658	Ano
7660	Ano
7661	Ano
7662	Ano
7663	Ano
7664	Ano
7665	Ano
7666	Ano
7667	Ano
7668	Ano
7670	Ano
7671	Ano
7672	Ano
7674	Ano
7675	Ano
7676	Ano
7677	Ano
7678	Ano
7679	Ano
7680	Ano
7681	Ano
7682	Ano
7684	Ano
7685	Ano
7686	Ano
7687	Ano
7688	Ano
7689	Ano
7690	Ano
7692	Ano
7693	Ano
7694	Ano
7695	Ano
7696	Ano
7699	Ano
7700	Ano
7702	Ano
7703	Ano
7704	Ano
7705	Ano
7706	Ano
7707	Ano
7708	Ano
7709	Ano
7710	Ano
7711	Ano
7713	Ano
7714	Ano
7715	Ano
7716	Ano
7717	Ano
7718	Ano
7719	Ano
7720	Ano
7721	Ano
7722	Ano
7724	Ano
7727	Ano
7728	Ano
7730	Ano
7732	Ano
7733	Ano
7734	Ano
7736	Ano
7737	Ano
7738	Ano
7739	Ano
7740	Ano
7741	Ano
7742	Ano
7743	Ano
7744	Ano
7745	Ano
7746	Ano
7747	Ano
7748	Ano
7749	Ano
7750	Ano
7751	Ano
7752	Ano
7753	Ano
7754	Ano
7755	Ano
7756	Ano
7757	Ano
7758	Ano
7759	Ano
7760	Ano
7761	Ano
7762	Ano
7763	Ano
7764	Ano
7765	Ano
7766	Ano
7767	Ano
7768	Ano
7769	Ano
7770	Ano
7771	Ano
7772	Ano
7773	Ano
7774	Ano
7775	Ano
7776	Ano
7777	Ano
7778	Ano
7779	Ano
7780	Ano
7781	Ano
7782	Ano
7783	Ano
7784	Ano
7785	Ano
7786	Ano
7787	Ano
7788	Ano
7789	Ano
7790	Ano
7791	Ano
7792	Ano
7793	Ano
7794	Ano
7795	Ano
7796	Ano
7797	Ano
7798	Ano
7799	Ano
7800	Ano
7801	Ano
7802	Ano
7803	Ano
7804	Ano
7805	Ano
7806	Ano
7807	Ano
7808	Ano
7809	Ano
7810	Ano
7811	Ano
7812	Ano
7813	Ano
7814	Ano
7815	Ano
7816	Ano
7817	Ano
7818	Ano
7819	Ano
7820	Ano
7821	Ano
7822	Ano
7823	Ano
7824	Ano
7825	Ano
7826	Ano
7827	Ano
7828	Ano
7829	Ano
7830	Ano
7831	Ano
7832	Mês
7833	Ano
7834	Ano
7835	Ano
7836	Ano
7837	Ano
7838	Ano
7839	Ano
7840	Ano
7841	Ano
7842	Ano
7843	Ano
7844	Ano
7845	Ano
7846	Ano
7847	Ano
7848	Ano
7849	Ano
7850	Ano
7851	Ano
7852	Ano
7853	Ano
7854	Ano
7855	Ano
7856	Ano
7857	Ano
7858	Ano
7859	Ano
7860	Ano
7861	Ano
7862	Ano
7863	Ano
7864	Ano
7865	Ano
7866	Ano
7867	Ano
7868	Ano
7869	Ano
7870	Ano
7871	Ano
7872	Ano
7873	Ano
7874	Ano
7875	Ano
7876	Ano
7877	Ano
7878	Mês
7879	Ano
7880	Ano
7881	Ano
7882	Ano
7883	Ano
7884	Ano
7885	Ano
7886	Ano
7887	Ano
7888	Ano
7889	Ano
7890	Ano
7891	Ano
7892	Ano
7893	Ano
7894	Ano
7895	Ano
7896	Ano
7897	Ano
7898	Ano
7899	Ano
7900	Ano
7901	Ano
7902	Ano
7903	Ano
7904	Ano
7905	Ano
7906	Ano
7907	Ano
7908	Ano
7909	Ano
7910	Ano
7911	Ano
7912	Ano
7913	Ano
7914	Ano
7915	Ano
7916	Ano
7917	Ano
7918	Ano
7919	Ano
7920	Ano
7921	Ano
7922	Ano
7923	Ano
7924	Ano
7925	Ano
7926	Ano
7927	Ano
7928	Ano
7929	Ano
7930	Ano
7931	Ano
7932	Ano
7933	Ano
7934	Ano
7935	Ano
7936	Ano
7937	Ano
7938	Ano
7939	Ano
7940	Ano
7941	Ano
7942	Ano
7943	Ano
7944	Ano
7945	Ano
7946	Ano
7947	Ano
7948	Ano
7949	Ano
7950	Ano
7951	Ano
7952	Ano
7953	Ano
7954	Ano
7955	Ano
7956	Ano
7957	Ano
7958	Ano
7959	Ano
7960	Ano
7961	Ano
7962	Ano
7963	Ano
7964	Ano
7965	Ano
7966	Ano
7967	Ano
7968	Ano
7969	Ano
7970	Ano
7971	Ano
7972	Ano
7973	Ano
7974	Ano
7975	Ano
7976	Ano
7977	Ano
7978	Ano
7979	Ano
7980	Mês
7981	Ano
7982	Ano
7983	Ano
7984	Ano
7985	Ano
7986	Ano
7987	Ano
7988	Ano
7989	Ano
7990	Ano
7991	Ano
7992	Ano
7993	Ano
7994	Ano
7995	Ano
7996	Ano
7997	Ano
7998	Ano
7999	Ano
8000	Ano
8001	Ano
8002	Ano
8003	Ano
8004	Ano
8005	Ano
8006	Ano
8007	Ano
8008	Ano
8009	Ano
8010	Ano
8011	Ano
8012	Ano
8013	Ano
8014	Ano
8015	Ano
8016	Ano
8017	Ano
8018	Ano
8019	Ano
8020	Ano
8021	Ano
8022	Ano
8023	Ano
8024	Ano
8025	Ano
8026	Ano
8027	Ano
8028	Ano
8029	Ano
8030	Ano
8031	Ano
8032	Ano
8033	Ano
8034	Ano
8035	Ano
8036	Ano
8037	Ano
8038	Ano
8039	Ano
8040	Ano
8041	Ano
8042	Ano
8043	Ano
8044	Ano
8045	Ano
8046	Ano
8047	Ano
8048	Ano
8049	Ano
8050	Ano
8051	Ano
8052	Ano
8053	Ano
8054	Ano
8055	Ano
8056	Ano
8057	Ano
8058	Ano
8059	Ano
8060	Ano
8061	Ano
8062	Ano
8063	Ano
8064	Ano
8065	Ano
8066	Ano
8067	Ano
8068	Ano
8069	Ano
8070	Ano
8071	Ano
8072	Ano
8073	Ano
8074	Ano
8075	Ano
8076	Ano
8077	Ano
8078	Ano
8079	Ano
8080	Ano
8081	Ano
8082	Ano
8083	Ano
8084	Ano
8085	Ano
8086	Ano
8087	Ano
8088	Ano
8089	Ano
8090	Ano
8091	Ano
8092	Ano
8093	Ano
8094	Ano
8095	Ano
8096	Ano
8097	Ano
8098	Ano
8099	Ano
8100	Ano
8101	Ano
8102	Ano
8103	Ano
8104	Ano
8105	Ano
8106	Ano
8107	Ano
8108	Ano
8109	Ano
8110	Ano
8111	Ano
8112	Ano
8113	Ano
8114	Ano
8115	Ano
8116	Ano
8117	Ano
8118	Ano
8119	Ano
8120	Ano
8121	Ano
8122	Ano
8123	Ano
8124	Ano
8125	Ano
8126	Ano
8127	Ano
8128	Ano
8129	Ano
8130	Ano
8131	Ano
8132	Ano
8133	Ano
8134	Ano
8135	Ano
8136	Ano
8137	Ano
8138	Ano
8139	Ano
8140	Ano
8141	Ano
8142	Ano
8143	Ano
8144	Ano
8145	Ano
8146	Ano
8147	Ano
8148	Ano
8149	Ano
8150	Ano
8151	Ano
8152	Ano
8153	Ano
8154	Ano
8155	Ano
8156	Ano
8157	Ano
8158	Mês
8159	Mês
8160	Mês
8161	Mês
8162	Mês
8163	Mês
8164	Mês
8165	Mês
8166	Mês
8167	Ano
8168	Ano
8169	Ano
8170	Ano
8171	Ano
8172	Ano
8174	Ano
8175	Ano
8176	Ano
8177	Ano
8178	Ano
8179	Ano
8180	Ano
8181	Ano
8182	Ano
8183	Ano
8184	Mês
8185	Mês
8186	Mês
8187	Mês
8188	Mês
8189	Mês
8190	Mês
8191	Ano
8192	Ano
8193	Ano
8194	Ano
8195	Ano
8196	Ano
8197	Ano
8198	Ano
8199	Ano
8200	Ano
8201	Ano
8202	Ano
8203	Ano
8204	Ano
8205	Ano
8206	Ano
8207	Ano
8208	Ano
8209	Ano
8210	Ano
8211	Ano
8212	Ano
8213	Ano
8214	Ano
8215	Ano
8216	Ano
8217	Ano
8218	Ano
8219	Ano
8220	Ano
8221	Ano
8222	Ano
8223	Ano
8224	Ano
8225	Ano
8226	Ano
8227	Ano
8228	Ano
8229	Ano
8230	Ano
8231	Ano
8232	Ano
8233	Ano
8234	Ano
8235	Ano
8236	Ano
8237	Ano
8238	Ano
8239	Ano
8240	Ano
8241	Ano
8242	Ano
8243	Ano
8244	Ano
8245	Ano
8246	Ano
8247	Ano
8248	Ano
8249	Ano
8250	Ano
8251	Ano
8252	Ano
8253	Ano
8254	Ano
8255	Ano
8256	Ano
8257	Ano
8258	Ano
8259	Ano
8260	Ano
8261	Ano
8262	Ano
8263	Ano
8264	Ano
8265	Ano
8266	Ano
8267	Ano
8268	Ano
8269	Ano
8270	Ano
8271	Ano
8272	Ano
8273	Ano
8274	Ano
8275	Ano
8276	Ano
8277	Ano
8278	Ano
8279	Ano
8280	Ano
8281	Ano
8282	Ano
8283	Ano
8284	Ano
8285	Ano
8286	Ano
8287	Ano
8288	Ano
8289	Ano
8290	Ano
8291	Ano
8292	Ano
8293	Ano
8294	Ano
8295	Ano
8296	Ano
8297	Ano
8298	Ano
8299	Ano
8300	Ano
8301	Ano
8302	Ano
8303	Ano
8304	Ano
8305	Ano
8306	Ano
8307	Ano
8308	Ano
8309	Ano
8310	Ano
8311	Ano
8312	Ano
8313	Ano
8314	Ano
8315	Ano
8316	Ano
8317	Ano
8318	Ano
8319	Ano
8320	Ano
8321	Ano
8322	Ano
8323	Ano
8324	Ano
8325	Ano
8326	Ano
8327	Ano
8328	Ano
8329	Ano
8330	Ano
8331	Ano
8332	Ano
8333	Ano
8334	Ano
8335	Ano
8336	Ano
8337	Ano
8338	Ano
8339	Ano
8340	Ano
8341	Ano
8342	Ano
8343	Ano
8344	Ano
8345	Ano
8346	Ano
8347	Ano
8348	Ano
8349	Ano
8350	Ano
8351	Ano
8352	Ano
8353	Ano
8354	Ano
8355	Ano
8356	Ano
8357	Ano
8358	Ano
8359	Ano
8360	Ano
8361	Ano
8362	Ano
8363	Ano
8364	Ano
8365	Ano
8366	Ano
8367	Ano
8368	Ano
8369	Ano
8370	Ano
8371	Ano
8372	Ano
8373	Ano
8374	Ano
8375	Ano
8376	Ano
8377	Ano
8378	Ano
8379	Ano
8380	Ano
8381	Ano
8382	Ano
8383	Ano
8384	Ano
8385	Ano
8386	Ano
8387	Ano
8388	Ano
8389	Ano
8390	Ano
8391	Ano
8392	Ano
8393	Ano
8394	Ano
8395	Ano
8396	Ano
8397	Ano
8398	Ano
8399	Ano
8400	Ano
8401	Ano
8402	Ano
8403	Ano
8404	Ano
8405	Ano
8406	Ano
8407	Ano
8408	Ano
8409	Ano
8410	Ano
8411	Ano
8412	Ano
8413	Ano
8414	Ano
8415	Ano
8416	Ano
8417	Ano
8418	Ano
8419	Ano
8420	Ano
8421	Ano
8422	Ano
8423	Ano
8424	Ano
8425	Ano
8426	Ano
8427	Ano
8428	Ano
8429	Ano
8430	Ano
8431	Ano
8432	Ano
8433	Ano
8434	Ano
8435	Ano
8436	Ano
8437	Ano
8438	Ano
8439	Ano
8440	Ano
8441	Ano
8442	Ano
8443	Ano
8444	Ano
8445	Ano
8446	Ano
8447	Ano
8448	Ano
8449	Ano
8450	Ano
8451	Ano
8452	Ano
8453	Ano
8454	Ano
8455	Ano
8456	Ano
8457	Ano
8458	Ano
8459	Ano
8460	Ano
8461	Ano
8462	Ano
8463	Ano
8464	Ano
8465	Ano
8466	Ano
8467	Ano
8468	Ano
8469	Ano
8470	Ano
8471	Ano
8472	Ano
8473	Ano
8474	Ano
8475	Ano
8476	Ano
8477	Ano
8481	Ano
8482	Ano
8483	Ano
8484	Ano
8485	Ano
8486	Ano
8487	Ano
8488	Ano
8489	Ano
8490	Ano
8491	Ano
8492	Ano
8493	Ano
8494	Ano
8495	Ano
8496	Ano
8497	Ano
8498	Ano
8499	Ano
8500	Ano
8501	Trimestre Móvel
8502	Ano
8503	Ano
8504	Ano
8505	Ano
8506	Ano
8507	Ano
8508	Ano
8509	Ano
8510	Ano
8511	Ano
8512	Ano
8513	Trimestre Móvel
8514	Ano
8515	Ano
8516	Ano
8517	Trimestre
8518	Ano
8519	Ano
8520	Ano
8521	Ano
8522	Ano
8523	Ano
8524	Ano
8525	Ano
8526	Ano
8527	Ano
8528	Ano
8529	Trimestre
8530	Ano
8531	Ano
8532	Ano
8533	Ano
8534	Ano
8535	Ano
8536	Ano
8537	Ano
8538	Ano
8539	Ano
8540	Ano
8541	Ano
8542	Ano
8543	Ano
8544	Ano
8545	Ano
8546	Ano
8547	Ano
8548	Ano
8549	Ano
8550	Ano
8551	Ano
8552	Ano
8553	Ano
8554	Ano
8555	Ano
8556	Ano
8557	Ano
8558	Ano
8559	Ano
8560	Ano
8561	Ano
8562	Ano
8563	Ano
8564	Ano
8565	Ano
8566	Ano
8567	Ano
8568	Ano
8569	Ano
8570	Ano
8571	Ano
8572	Ano
8573	Ano
8574	Ano
8575	Ano
8576	Ano
8577	Ano
8578	Ano
8579	Ano
8580	Ano
8581	Ano
8582	Ano
8583	Ano
8584	Ano
8585	Ano
8586	Ano
8587	Ano
8588	Ano
8589	Ano
8590	Ano
8591	Ano
8592	Ano
8593	Ano
8594	Ano
8595	Ano
8596	Ano
8597	Ano
8598	Ano
8599	Ano
8600	Ano
8601	Ano
8602	Ano
8603	Ano
8604	Ano
8605	Ano
8606	Ano
8607	Ano
8608	Ano
8609	Ano
8610	Ano
8611	Ano
8612	Ano
8613	Ano
8614	Ano
8615	Ano
8616	Ano
8617	Ano
8618	Ano
8619	Ano
8620	Ano
8621	Ano
8622	Ano
8623	Ano
8624	Ano
8625	Ano
8626	Ano
8627	Ano
8628	Ano
8629	Ano
8630	Ano
8631	Ano
8632	Ano
8633	Ano
8634	Ano
8635	Ano
8636	Ano
8637	Ano
8638	Ano
8639	Ano
8640	Ano
8641	Ano
8642	Ano
8643	Ano
8644	Ano
8645	Ano
8646	Ano
8647	Ano
8648	Ano
8649	Ano
8650	Ano
8651	Ano
8652	Ano
8653	Ano
8654	Ano
8655	Ano
8656	Ano
8657	Ano
8658	Ano
8659	Ano
8660	Ano
8661	Ano
8662	Ano
8663	Ano
8664	Ano
8665	Ano
8666	Ano
8667	Ano
8668	Ano
8669	Ano
8670	Ano
8671	Ano
8672	Ano
8673	Ano
8674	Ano
8675	Ano
8676	Ano
8677	Ano
8678	Ano
8679	Ano
8680	Ano
8681	Ano
8682	Ano
8686	Ano
8687	Ano
8688	Mês
8689	Ano
8690	Ano
8691	Ano
8692	Ano
8693	Mês
8694	Mês
8695	Mês
8696	Ano
8697	Ano
8698	Ano
8699	Ano
8700	Ano
8701	Ano
8702	Ano
8703	Ano
8704	Ano
8705	Ano
8706	Ano
8707	Ano
8708	Ano
8709	Ano
8710	Ano
8711	Ano
8712	Ano
8713	Ano
8714	Ano
8715	Ano
8716	Ano
8717	Ano
8718	Ano
8719	Ano
8720	Ano
8721	Ano
8722	Ano
8723	Ano
8724	Ano
8725	Ano
8726	Ano
8727	Ano
8728	Ano
8729	Ano
8730	Ano
8731	Ano
8732	Ano
8733	Ano
8734	Ano
8735	Ano
8736	Ano
8737	Ano
8738	Ano
8739	Ano
8740	Ano
8741	Ano
8742	Ano
8743	Ano
8744	Ano
8745	Ano
8746	Ano
8747	Ano
8748	Ano
8749	Ano
8750	Ano
8751	Ano
8752	Ano
8753	Ano
8754	Ano
8755	Ano
8756	Ano
8757	Mês
8758	Ano
8759	Ano
8760	Ano
8761	Ano
8762	Ano
8763	Ano
8764	Ano
8765	Ano
8766	Ano
8767	Ano
8768	Ano
8769	Ano
8770	Ano
8771	Ano
8772	Ano
8773	Ano
8774	Ano
8775	Ano
8776	Ano
8777	Ano
8778	Ano
8779	Ano
8780	Ano
8781	Ano
8782	Ano
8783	Ano
8784	Ano
8785	Ano
8786	Ano
8787	Ano
8788	Ano
8789	Ano
8790	Ano
8791	Ano
8792	Ano
8793	Ano
8794	Ano
8795	Ano
8796	Ano
8797	Ano
8798	Ano
8799	Ano
8800	Ano
8801	Ano
8802	Ano
8803	Ano
8804	Ano
8805	Ano
8806	Ano
8807	Ano
8808	Ano
8809	Ano
8810	Ano
8811	Ano
8812	Ano
8813	Ano
8814	Ano
8815	Ano
8816	Ano
8817	Ano
8818	Ano
8819	Ano
8820	Ano
8821	Ano
8822	Ano
8823	Ano
8824	Ano
8825	Ano
8826	Ano
8827	Ano
8828	Ano
8829	Ano
8830	Ano
8831	Ano
8832	Ano
8833	Ano
8834	Ano
8835	Ano
8836	Ano
8837	Ano
8838	Ano
8839	Ano
8840	Ano
8841	Ano
8842	Ano
8843	Ano
8844	Ano
8845	Ano
8846	Ano
8847	Ano
8848	Ano
8849	Ano
8850	Ano
8851	Ano
8852	Ano
8853	Ano
8854	Ano
8855	Ano
8856	Ano
8857	Ano
8858	Ano
8859	Ano
8860	Ano
8861	Ano
8862	Ano
8863	Ano
8864	Ano
8865	Ano
8866	Ano
8867	Ano
8868	Ano
8869	Ano
8870	Ano
8871	Ano
8872	Ano
8873	Ano
8874	Ano
8875	Ano
8876	Ano
8877	Ano
8878	Ano
8879	Ano
8880	Mês
8881	Mês
8882	Mês
8883	Mês
8884	Mês
8885	Mês
8886	Mês
8887	Mês
8888	Mês
8889	Mês
8890	Ano
8891	Ano
8892	Ano
8893	Ano
8894	Ano
8895	Ano
8896	Ano
8897	Ano
8898	Ano
8899	Ano
8900	Ano
8901	Ano
8902	Ano
8903	Ano
8904	Ano
8916	Ano
8917	Ano
8918	Ano
8919	Ano
8920	Ano
8921	Ano
8922	Ano
8923	Ano
8924	Ano
8925	Ano
8926	Ano
8927	Ano
8928	Ano
8929	Ano
8930	Ano
8931	Ano
8932	Ano
8933	Ano
8934	Ano
8935	Ano
8936	Ano
8937	Ano
8938	Ano
8939	Ano
8940	Ano
8941	Ano
8942	Ano
8943	Ano
8944	Ano
8945	Ano
8946	Ano
8947	Ano
8948	Ano
8949	Ano
8950	Ano
8951	Ano
8952	Ano
8953	Ano
8954	Ano
8955	Ano
8956	Ano
8957	Ano
8958	Ano
8959	Ano
8960	Ano
8961	Ano
8962	Ano
8963	Ano
8964	Ano
8965	Ano
8966	Ano
8967	Ano
8968	Ano
8969	Ano
8970	Ano
8971	Ano
8972	Ano
8973	Ano
8974	Ano
8975	Ano
8976	Ano
8977	Ano
8978	Ano
8979	Ano
8980	Ano
8981	Ano
8982	Ano
8983	Ano
8984	Ano
8985	Ano
8986	Ano
8987	Ano
8988	Ano
8989	Ano
8990	Ano
8991	Ano
8992	Ano
8993	Ano
8994	Ano
8995	Ano
8996	Ano
8997	Ano
8998	Ano
8999	Ano
9000	Ano
9001	Ano
9002	Ano
9003	Ano
9004	Ano
9005	Ano
9006	Ano
9007	Ano
9008	Ano
9009	Ano
9010	Ano
9011	Ano
9012	Ano
9013	Ano
9014	Ano
9015	Ano
9016	Ano
9017	Ano
9018	Ano
9019	Ano
9020	Ano
9021	Ano
9022	Ano
9023	Ano
9024	Ano
9025	Ano
9026	Ano
9027	Ano
9028	Ano
9029	Ano
9030	Ano
9031	Ano
9032	Ano
9033	Ano
9034	Ano
9035	Ano
9036	Ano
9037	Ano
9038	Ano
9039	Ano
9040	Ano
9041	Ano
9042	Ano
9043	Ano
9044	Ano
9052	Ano
9053	Ano
9054	Ano
9055	Ano
9056	Ano
9057	Ano
9058	Ano
9059	Ano
9060	Ano
9061	Ano
9062	Ano
9063	Ano
9064	Ano
9065	Ano
9066	Ano
9067	Ano
9068	Ano
9069	Ano
9070	Ano
9071	Ano
9072	Ano
9073	Ano
9074	Ano
9075	Ano
9076	Ano
9077	Ano
9078	Ano
9079	Ano
9080	Ano
9081	Ano
9082	Ano
9083	Ano
9084	Ano
9085	Ano
9086	Ano
9087	Ano
9088	Ano
9089	Ano
9090	Ano
9091	Ano
9092	Ano
9093	Ano
9094	Ano
9095	Ano
9096	Ano
9097	Ano
9098	Ano
9099	Ano
9100	Ano
9101	Ano
9102	Ano
9103	Ano
9104	Ano
9105	Ano
9106	Ano
9107	Ano
9108	Ano
9109	Ano
9110	Ano
9111	Ano
9112	Ano
9113	Ano
9114	Ano
9115	Ano
9116	Ano
9117	Ano
9118	Ano
9119	Ano
9120	Ano
9121	Ano
9122	Ano
9123	Ano
9124	Ano
9125	Ano
9126	Ano
9127	Ano
9128	Ano
9129	Ano
9130	Ano
9131	Ano
9132	Ano
9133	Ano
9134	Ano
9135	Ano
9136	Ano
9137	Ano
9138	Ano
9139	Ano
9140	Ano
9141	Ano
9142	Ano
9143	Ano
9144	Ano
9145	Ano
9146	Ano
9147	Ano
9148	Ano
9149	Ano
9150	Ano
9151	Ano
9152	Ano
9153	Ano
9154	Ano
9155	Ano
9156	Ano
9157	Ano
9158	Ano
9159	Ano
9160	Ano
9161	Ano
9162	Ano
9163	Ano
9164	Ano
9165	Ano
9166	Ano
9167	Ano
9168	Ano
9169	Ano
9170	Ano
9171	Ano
9172	Ano
9173	Ano
9174	Ano
9175	Ano
9176	Ano
9177	Ano
9178	Ano
9179	Ano
9180	Ano
9181	Ano
9182	Ano
9183	Ano
9184	Ano
9185	Ano
9186	Ano
9187	Ano
9188	Ano
9189	Ano
9190	Ano
9191	Ano
9192	Ano
9193	Ano
9194	Ano
9195	Ano
9196	Ano
9197	Ano
9198	Ano
9199	Ano
9200	Ano
9201	Ano
9202	Ano
9203	Ano
9204	Ano
9205	Ano
9206	Ano
9207	Ano
9208	Ano
9209	Ano
9210	Ano
9211	Ano
9212	Ano
9213	Ano
9214	Ano
9215	Ano
9216	Ano
9217	Ano
9218	Ano
9219	Ano
9220	Ano
9221	Ano
9222	Ano
9223	Ano
9224	Ano
9225	Ano
9226	Ano
9227	Ano
9228	Ano
9229	Ano
9230	Ano
9231	Ano
9232	Ano
9233	Ano
9234	Ano
9235	Ano
9236	Ano
9237	Ano
9238	Ano
9239	Ano
9240	Ano
9241	Ano
9242	Ano
9243	Ano
9244	Ano
9245	Ano
9246	Ano
9247	Ano
9248	Ano
9249	Ano
9250	Ano
9251	Ano
9252	Ano
9253	Ano
9254	Ano
9255	Ano
9256	Ano
9257	Ano
9258	Ano
9259	Ano
9260	Ano
9261	Ano
9262	Ano
9263	Ano
9264	Ano
9265	Ano
9266	Ano
9267	Ano
9268	Ano
9269	Ano
9270	Ano
9271	Ano
9272	Ano
9273	Ano
9274	Ano
9275	Ano
9276	Ano
9277	Ano
9278	Ano
9279	Ano
9280	Ano
9281	Ano
9282	Ano
9283	Ano
9284	Ano
9285	Ano
9286	Ano
9287	Ano
9288	Ano
9289	Ano
9290	Ano
9291	Ano
9292	Ano
9293	Ano
9294	Ano
9295	Ano
9296	Ano
9297	Ano
9298	Ano
9299	Ano
9300	Ano
9301	Ano
9302	Ano
9303	Ano
9304	Ano
9305	Ano
9306	Ano
9307	Ano
9308	Ano
9309	Ano
9310	Ano
9311	Ano
9312	Ano
9313	Ano
9314	Ano
9315	Ano
9316	Ano
9317	Ano
9318	Ano
9319	Ano
9320	Ano
9321	Ano
9322	Ano
9323	Ano
9324	Ano
9325	Ano
9326	Ano
9327	Ano
9328	Ano
9329	Ano
9330	Ano
9331	Ano
9332	Ano
9333	Ano
9334	Ano
9335	Ano
9336	Ano
9337	Ano
9338	Ano
9340	Ano
9341	Ano
9342	Ano
9343	Ano
9344	Ano
9345	Ano
9347	Ano
9348	Ano
9349	Ano
9352	Ano
9353	Ano
9354	Ano
9355	Ano
9356	Ano
9360	Ano
9361	Ano
9362	Ano
9363	Ano
9364	Ano
9365	Ano
9366	Ano
9367	Ano
9368	Ano
9369	Ano
9370	Ano
9371	Ano
9372	Ano
9373	Ano
9374	Ano
9375	Ano
9376	Ano
9377	Ano
9378	Ano
9379	Ano
9380	Ano
9381	Ano
9382	Ano
9383	Ano
9384	Ano
9385	Ano
9386	Ano
9387	Ano
9388	Ano
9389	Ano
9390	Ano
9391	Ano
9392	Ano
9393	Ano
9395	Trimestre
9397	Ano
9402	Ano
9411	Ano
9412	Ano
9415	Ano
9418	Ano
9429	Ano
9430	Ano
9431	Ano
9432	Ano
9433	Ano
9434	Ano
9435	Ano
9436	Ano
9437	Ano
9439	Ano
9440	Ano
9441	Ano
9442	Ano
9443	Ano
9444	Ano
9445	Ano
9446	Ano
9447	Ano
9448	Ano
9449	Ano
9450	Ano
9451	Ano
9452	Ano
9453	Ano
9454	Ano
9455	Ano
9456	Ano
9457	Ano
9458	Ano
9459	Ano
9460	Ano
9464	Ano
9467	Ano
9468	Ano
9469	Ano
9470	Ano
9471	Ano
9472	Ano
9473	Ano
9474	Ano
9475	Ano
9476	Ano
9477	Ano
9478	Ano
9479	Ano
9480	Ano
9481	Ano
9482	Ano
9483	Ano
9484	Ano
9485	Ano
9486	Ano
9487	Ano
9488	Ano
9489	Ano
9490	Ano
9491	Ano
9492	Ano
9493	Ano
9494	Ano
9509	Ano
9510	Ano
9514	Ano
9515	Ano
9516	Ano
9518	Ano
9519	Ano
9520	Ano
9521	Ano
9522	Ano
9523	Ano
9528	Ano
9529	Ano
9530	Ano
9531	Ano
9534	Ano
9535	Ano
9536	Ano
9538	Ano
9539	Ano
9540	Ano
9541	Ano
9542	Ano
9543	Ano
9544	Ano
9545	Ano
9546	Ano
9547	Ano
9552	Ano
9553	Ano
9554	Ano
9555	Ano
9556	Ano
9557	Ano
9558	Ano
9559	Ano
9560	Ano
9562	Ano
9563	Ano
9564	Ano
9565	Ano
9566	Ano
9567	Ano
9568	Ano
9569	Ano
9570	Ano
9571	Ano
9572	Ano
9573	Ano
9574	Ano
9575	Ano
9576	Ano
9577	Ano
9578	Ano
9579	Ano
9580	Ano
9581	Ano
9582	Ano
9589	Ano
9590	Ano
9591	Ano
9592	Ano
9593	Ano
9594	Ano
9595	Ano
9596	Ano
9597	Ano
9598	Ano
9599	Ano
9600	Ano
9601	Ano
9602	Ano
9603	Ano
9605	Ano
9606	Ano
9608	Ano
9609	Ano
9612	Ano
9613	Ano
9614	Ano
9615	Ano
9616	Ano
9617	Ano
9618	Ano
9619	Ano
9620	Ano
9621	Ano
9622	Ano
9623	Ano
9624	Ano
9625	Ano
9636	Ano
9642	Ano
9643	Ano
9644	Ano
9645	Ano
9646	Ano
9647	Ano
9648	Ano
9649	Ano
9650	Ano
9651	Ano
9652	Ano
9653	Ano
9654	Ano
9655	Ano
9656	Ano
9657	Ano
9658	Ano
9659	Ano
9660	Ano
9661	Ano
9662	Ano
9663	Ano
9664	Ano
9665	Ano
9666	Ano
9667	Ano
9668	Ano
9669	Ano
9670	Ano
9671	Ano
9672	Ano
9673	Ano
9674	Ano
9675	Ano
9676	Ano
9677	Ano
9678	Ano
9679	Ano
9680	Ano
9681	Ano
9682	Ano
9683	Ano
9684	Ano
9685	Ano
9686	Ano
9687	Ano
9688	Ano
9689	Ano
9690	Ano
9691	Ano
9692	Ano
9693	Ano
9694	Ano
9695	Ano
9696	Ano
9697	Ano
9698	Ano
9699	Ano
9700	Ano
9701	Ano
9702	Ano
9703	Ano
9704	Ano
9705	Ano
9706	Ano
9707	Ano
9708	Ano
9709	Ano
9710	Ano
9711	Ano
9712	Ano
9713	Ano
9714	Ano
9715	Ano
9716	Ano
9717	Ano
9718	Ano
9719	Ano
9720	Ano
9721	Ano
9722	Ano
9723	Ano
9724	Ano
9725	Ano
9726	Ano
9727	Ano
9728	Ano
9729	Ano
9730	Ano
9731	Ano
9732	Ano
9733	Ano
9734	Ano
9735	Ano
9736	Ano
9737	Ano
9738	Ano
9739	Ano
9740	Ano
9741	Ano
9742	Ano
9743	Ano
9744	Ano
9745	Ano
9746	Ano
9747	Ano
9748	Ano
9749	Ano
9750	Ano
9751	Ano
9752	Ano
9753	Ano
9754	Ano
9755	Ano
9756	Ano
9757	Ano
9762	Ano
9763	Ano
9764	Ano
9765	Ano
9766	Ano
9767	Ano
9768	Ano
9769	Ano
9770	Ano
9771	Ano
9772	Ano
9773	Ano
9774	Ano
9775	Ano
9776	Ano
9777	Ano
9778	Ano
9779	Ano
9780	Ano
9781	Ano
9782	Ano
9783	Ano
9784	Ano
9785	Ano
9786	Ano
9787	Ano
9788	Ano
9789	Ano
9790	Ano
9791	Ano
9792	Ano
9793	Ano
9794	Ano
9795	Ano
9802	Ano
9803	Ano
9804	Ano
9805	Ano
9806	Ano
9807	Ano
9808	Ano
9809	Ano
9810	Ano
9811	Ano
9812	Ano
9813	Ano
9814	Ano
9815	Ano
9816	Ano
9817	Ano
9818	Ano
9819	Ano
9820	Ano
9821	Ano
9822	Ano
9823	Ano
9824	Ano
9825	Ano
9866	Ano
9867	Ano
9868	Ano
9869	Ano
9870	Ano
9872	Ano
9873	Ano
9875	Biênio
9876	Ano
